Name,CategoryName,Contact Number,City,Address,Website
Javed Iqbal Medical Store,Medical Center,N/A,Chitrāl,"Zero point Drosh, Bazar, Chitrāl, ",N/A
Kausar First Aid & Medical Centre,Hospital,+92 333 3916780,Khuzdar,"Basima - Khuzdar Hwy, Khuzdar, ",N/A
Rimsa Medical Center,Medical Center,N/A,Dādu,"PQHC+CMC, Police Line Rd, Dādu, ",N/A
Government Medical Institute of science kidney transplant,Hospital department,+92 316 3283892,Gambat,"9G2G+394, Gambat, 66070, ",N/A
Dr Amjad Ali,Hospital,+92 244 360307,Nawabshah,"Chowk, Mohsin Medicare Center, Masjid Rd, near Edhi, Nawabshah, 67450, ",N/A
Civil Hospital Larkana,Hospital,+92 335 6559909,Larkana,"H636+94G civil hospital, Jail Raod, Larkana, ",N/A
River City Hospital Sukkur,Hospital,+92 71 5825050,Sukkur,"PRG7+6XF, Imdad Ali Awan Rd, Soarth Memon Housing Society, Sukkur, ",N/A
"PAF Hospital, Shahbaz",Hospital,+92 330 3216095,Jacobabad,"7FHH+4V2, Jacobabad, ",N/A
Red Crescent Hospital Sukkur,Hospital,+92 243 715743,Sukkur,"MVW8+9G4, Sanghi, 65200, ",N/A
DHQ Hospital Kamber,Government hospital,N/A,Qambar,"HXJW+9XC, Qambar, ",N/A
SIUT Chablani Medical Centre,General hospital,+92 71 5612159,Sukkur,"MVW8+9MV, Menara road, Takkar Muhalla, Sukkur, ",www.siut.org/
Ali hospital,Hospital,+92 314 6451928,Larkana,"Wagan Rd, Larkana, ",www.alihospitallarkana.com/
Larkana General Hospital (LGH),Hospital,+92 313 6455550,Larkana,"H643+R4J, Main commissioner road, Shahbaz Colony, Larkana, 77150, ",www.larkanageneralhospital.com/
SICVD Sukkur,Heart hospital,+92 71 9311101,Sukkur,"PR2P+MF3, Indus Hwy, Bachal Shah Miani, Sukkur, 65200, ",sicvd.org.pk/
DHQ Hospital,Hospital,+92 838 710603,Dera Murad Jamali,"G6R5+XWV, Tehsil Road, Dera Murad Jamali, ",N/A
Sukkur Blood Bank Hospital,Hospital,+92 71 5615922,Sukkur,"MVXC+98M, Eid Gah Road, Sukkur, ",N/A
Civil Hospital Naushahro Feroze,Hospital,+92 300 4508017,Rawalpindi,"Emergency Ward, CMH Rd, Pir Mohala Rawalpindi, ",N/A
Sindh Medical Centre,Hospital,+92 243 551156,Khairpur,"Shah Abdul Latif University road, old National Hwy, Bhurgari, Khairpur, ",m.facebook.com/smc.khp/?tsid=0.9124404308564474&source=result
river city hospital sukkur,General hospital,+92 71 5825050,Sukkur,"PRG7+5WR river city hospital, Soarth Memon Housing Society, Sukkur, ",N/A
KHAS Hospital Shikarpur,,+92 726 513344,Shikarpur,"Shikarpur, ",khasfoundation.org/
Railway Hospital Sukkur,Hospital,+92 71 9310067,Sukkur,"MVX8+878, Station Rd, Takkar Muhalla, Sukkur, ",N/A
City Hospital Sukkur,Medical Center,+92 312 6200001,Sukkur,"Airport Road, Akhuwat Nagar Society Friends Co-operative Housing Society, Sukkur, 65200, ",www.cityhospitalskr.com/
river city hospital sukkur,General hospital,N/A,Sukkur,"PRG7+5WR river city hospital, Soarth Memon Housing Society, Sukkur, ",N/A
Children Hospital Sukkur (SICHN),Hospital,+92 71 5635101,Sukkur,"PR3J+GVV, AH2, Sukkur, ",N/A
Al-Khair General Hospital Sukkur,Hospital,+92 71 5631772,Sukkur,"PR5V+9JQ, Airport Rd, Sindhi Cooperative Housing Society, Sukkur, ",N/A
indus hospital and health network larkana office,Community center,+92 74 4055377,Larkana,"H55V+384, Larkana, ",N/A
Civil Hospital Casuality Section,Government hospital,+92 303 8370898,Sukkur,"PV2F+97W, Sukkur, ",N/A
Rohri Taluka Hospital Sukkur,Hospital,N/A,Burewala,"MVMR+R9R, Factory Rd, Adda Mana More Burewala, ",N/A
Mission Hospital,Hospital,N/A,Sukkur,"MVVC+V5H, Sukkur, ",N/A
SICVD Larkana,Hospital,N/A,Larkana,"Department of Cardiology, Civil Hospital, 77150 VIP Rd, Larkana, ",sicvd.org.pk/
Civil Hospital,Medical Center,N/A,Gambat,"8GXG+X7J, Gambat - Ranipur Roadd, Gambat, ",N/A
Rural Health Centre/ Hospital,Hospital,+92 333 7551669,Mian Sahib,"5J4V+43W, Mian Sahib, ",N/A
Cure Center Hospital,Hospital,+92 71 5624324,Sukkur,"Miani Rd, Baghe Hayat Ali Shah, Sukkur, ",N/A
Govt Hospital Mena,Government hospital,+92 800 777 55,Kambar Ali Khan,"M396+W84, Kambar Ali Khan, ",N/A
Govt Hospital Village Sadiq Machi,Government hospital,+92 800 223 33,Shahdādkot,"8Q4C+VMQ, Canal Rd, Shahdādkot, ",N/A
Karachi Hospital,Private hospital,N/A,Usta Muhammad,"52HR+6M2, Haq Bahoo Darbar Rd, Haq Bahoo Colony, Usta Muhammad, ",N/A
Civil Hospital,Hospital,N/A,Dādu,"Brohi Colony Mastoi Mohalla, Dādu, ",N/A
Civil Hospital,Government hospital,N/A,Sadarji Bhatyoon,"HGWX+P6X, Sadarji Bhatyoon, ",N/A
PPHI Hetam Sohoo Hospital,Hospital,N/A,N/A,"CWC6+WQ7, Hetam Sohoo, ",N/A
Government Hospital,Government hospital,N/A,Mirzapur,"RH5C+8Q8 Study, street, Mirzapur, ",N/A
Aksa Hospital,Hospital,N/A,Gambat,"9G4F+92W, Gambat, ",N/A
Mutahar Medical Centre,Medical Center,N/A,Khairpur,"GQC2+J4J, Sandilo Colony Khairpur, ",N/A
Govt hospital Goni gresha,Government hospital,N/A,N/A,"FWC9+R7F, ",N/A
Sultana Memorial Hospital,Medical Center,N/A,Halani,"38P9+FMF, Halani, ",N/A
Govt Hospital,Government hospital,N/A,Larkana,"J6J3+J5X, Larkana, ",N/A
Government Hospital Dhamrah,Hospital,N/A,ڳوٺ ڌهامراه,M63X+PHW، ,N/A
LRBT Eye Hospital,Hospital,+92 332 2743824,Gambat,"8GVF+W4H, Gambat - Ranipur Roadd, Gambat, ",www.lrbt.org.pk/
DHQ Hospital,Hospital,N/A,Dera Allah Yar,"99F2+558, Tehsil Road, Dera Allah Yar, ",N/A
Dong Hospital Hathidar Road Shikarpur,Hospital,N/A,Shikarpur,"XJ4P+RX2, Sukpul, Shikarpur, ",N/A
Mumtaz Phulpoto Dispensary Hospital Govt. of Sindh,Hospital,+92 333 7597830,Khairpur,"JQV9+4V9, Khairpur, ",N/A
Iranii hospital khairpur,Hospital,N/A,Khairpur,"GQG4+62G Iranii hospital, Mirwah Colony, Khairpur, ",N/A
Govt Hospital Mehrab Sandhelo,Government hospital,+92 800 777 55,Larkana,"C2XJ+FH6, Larkana, ",N/A
THQ Hospital,Hospital,N/A,Gambat,"Gambat, ",N/A
Civil Hospital Kotdiji,Hospital,N/A,Kot Diji,"8PQ5+35W, Mehrano Rd, Kot Diji, ",N/A
Government Hospital,Government hospital,N/A,Jhal Magsi,"899J+CRF, Jhal Magsi, ",N/A
Govt Hospital Mehar Buriro,Government hospital,+92 800 777 55,Rato Dero,"R7XF+XGQ, Rato Dero, ",N/A
Civil Hospital,Hospital,N/A,Usta Muhammad,"52FR+PQ5, Civil Hospital Rd, Usta Muhammad, 80300, ",N/A
BHU Village Haji Khawasti Brohi Hospital Shikarpur,Hospital,+92 300 3790763,N/A,"N-55, ",N/A
Old Taluka Hospital Sukkur,Hospital,N/A,RCW Rohri,"Old Governnment Civil Hospital, RCW Rohri, ",N/A
Hospital,Hospital,N/A,Ghulam Shah,"2888+5WX, Ghulam Shah, ",N/A
DHQ Hospital,Hospital,N/A,Khairpur,"GP9V+HH9, Civil Hospital Rd, Banaras Colony, Khairpur, 66020, ",N/A
BHU VILLAGE SARDAR CHANGEZ KHAN HOSPITAL,Hospital,+92 301 2135678,Dera Murad Jamali,"F4WJ+46, Dera Murad Jamali, ",N/A
Civil Hospital,Hospital,N/A,Hussainabad,"FQ45+PGW, Hussainabad, ",N/A
 Distric Hospital Dadu,Hospital,+92 300 3250237,N/A,"Dadu Bhan Rd, ",N/A
Civil Hospital Shikarpur,Hospital,N/A,Shikarpur,"XJ4Q+R59, Shikarpur, ",N/A
Al Hussani hospital sita road,Hospital,+92 345 8988762,Sita Road,"Main road, Sita Road, ",N/A
Apwa Hospital,Hospital,+92 310 0085062,Khairpur,"GQR3+5QR, Khairpur, ",N/A
DHQ Hospital,Hospital,+92 71 9310213,Sukkur,"Eidgah Rd, Nusrat Colony 6, Old Sukkur, Sukkur, 65200, ",N/A
Al-Shifa Trust Eye Hospital,University,+92 71 5612766,Sukkur,"MVV2+W9P, Barrage Colony, Sukkur, ",N/A
Government Hospital Budh Goth,Hospital,N/A,Village Moorani,"RQHX+8C2, Government Hospital Budh Goth, Taluka, Village Moorani، ",N/A
Charity Hospital,Hospital,N/A,Larkana,"G6WC+R58, Larkana, ",N/A
BHATTI CHILDREN HOSPITAL,Hospital,+92 71 5612181,Sukkur,"F33, 4, 7 Workshop Rd, Barrage Colony, Sukkur, 65200, ",www.bhattihospital.org/
Gandakha Hospital,Hospital,N/A,Gandakha City,"2R6X+424, Gandakha City, ",N/A
Hospital Jhali kalwari,Hospital,N/A,Jhali Kalwari,"QMXJ+XV7, Jhali Kalwari, ",N/A
Civil Hospital Wagan,Hospital,+92 336 1272178,Wagan,"FXV8+MJH, Wagan, ",N/A
Hospital,Hospital,N/A,Thorhi Bijar,"GVXM+Q7C, Thorhi Bijar, ",N/A
Dr Bhooral Memon Hospital,Hospital,N/A,Halani,"38M7+XJG, Halani, ",N/A
Dr Farooque Hospital,Hospital,+92 333 7531760,Qambar,"Qambar, ",N/A
"Bhalok Karkh, Hospital",Hospital,N/A,Khuzdar,"Q26P+F7W, Ratodero - Gwadar Motorway, Khuzdar, ",N/A
Rohri Municipal Maternity Hospital Sukkur,Hospital,N/A,RCW Rohri,"MVVV+F3Q, RCW Rohri, ",N/A
Government Hospital Banguldero,Hospital,N/A,Banguldero,"P7HM+PHW, Banguldero, ",N/A
MSF Hospital,Hospital,N/A,Dera Murad Jamali,"G6R5+XMG, Mir Arz Muhammad Jattak Rd, Dera Murad Jamali, ",N/A
Civil Hospital Mehar,Hospital,N/A,Mehar,"5RMF+4Q2, Rampur Mehar, ",N/A
SKBZ CIVIL HOSPITAL BASIMA,Hospital,N/A,Basima,"VRV8+JMX SKBZ Civil hospital, Basima, ",N/A
Civil Hospital KN Shah,Government hospital,N/A,Khairpur Nathan Shah,"Khairpur Nathan Shah, ",N/A
Govt Hospital Heesab Chandio,Government hospital,+92 800 777 55,Larkana,"G5PJ+RGJ, Haseeb Chandio Heesib Chandio, Larkana, ",N/A
"Govt Hospital Boriri Sharif,",Hospital,+92 308 8575428,Goth Boriri,"2Q29+CRV, Goth Boriri, ",N/A
Civil hospital BHU,Hospital,+92 346 3341929,Mubarakpur,"5JCP+9MF, Unnamed Road, Mubarakpur, ",www.pphisindh.org/
Civil Hospital Khairpur Surgical OPD,Hospital,N/A,Khairpur,"GP9V+CJ9, Banaras Colony, Khairpur, ",N/A
PPHI Hospital,Hospital,N/A,Mohabat Dero,"46WC+QGH, Mohabat Dero, ",N/A
Bajoi hospital,Government hospital,N/A,Parko,"2JGG+JC3, Parko, ",N/A
Animals health extension Centre Halani ,Vetenary Hospital ,N/A,Halani,"38QC+M ق۵, Halani, ",N/A
Taulka Hospital Wagan,Hospital,N/A,Wagan,"Wagan, ",N/A
Al Raheem Hospital,Hospital,N/A,Dera Murad Jamali,"G6X8+4Q4, Dera Murad Jamali, ",N/A
Civil Hospital Surab,Hospital,N/A,Surab,"F7R6+5JG, Surab, ",N/A
Labour Hospital DHQ Hospital usta Muhammsd,Hospital,N/A,Usta Muhammad,"52HG+GV7, Noorpur Jamali Usta Muhammad, ",N/A
CIVIL Hospital Naal,Government hospital,N/A,Naal,"M6M4+VV9, Naal, ",N/A
Londo mori hospital,Hospital,N/A,Misri Khan Lashari,"278X+9FV, Misri Khan Lashari, ",N/A
Lady Willington Hospital,Maternity hospital,N/A,Khairpur,"GQG5+QQF, Faujdari Rd, Panjhatti, Khairpur, ",N/A
Pphi hospital kotdiji,Hospital,N/A,Kot Diji,"8PQ3+WW9, Kot Diji, ",N/A
BHU Hospital Ghatahar,Hospital,N/A,Ghatahar,"GXM8+8V3, Road, Ghatahar, ",N/A
Shikarpur Women Hospital,Hospital,+92 303 7781155,Shikarpur,"XJ5P+CMR Women and children Trust hospital, Shikarpur, ",N/A
EPI Centre JIMs Hospital,Hospital,+92 333 7350802,Jacobabad,"7FF2+C9P, Channa Mohallah Channa Muhallah Jacobabad, ",N/A
Government Hospital Kot Ghulam Shah,Hospital,N/A,Qambar,"M24J+835, GOV Hospital , Kot Ghulam Shah, Miro Khan Rd, Qambar, ",N/A
T.B Hospital - Dadu ,Hospital,+92 22 9240111,Dādu,"PQH7+56F, Dādu, ",N/A
Eye hospital,Hospital,N/A,Ranipur,"7GM4+8FX, Ranipur Riyasat Ranipur, ",N/A
Taluka Hospital at Arija,Hospital,N/A,Arija,"C54G+GHF, Nai Gud Road, Arija, ",N/A
Faiz Medical Centre Taulka Hospital Road Thul,Hospital,+92 333 2951754,Thul,"2 Jacobabad-Suhbatpur Rd, Haji Abdul Sami Khoso Colony Thul, 0722, ",N/A
Taluka Hospital Sijawal,Hospital,N/A,Sijawal Junejo,"R4R3+QC9, Sijawal Junejo, ",N/A
Hospital,Hospital,+92 318 3559484,Gahi Rahoo,"Gt, link road, nearby karam khan nizamani, Gahi Rahoo, 75757, ",N/A
Hindyari Civil Hospital,Hospital,N/A,Hindyari,"3HWQ+CR5, Hindyari, ",N/A
Civil Hospital Chak,Hospital,N/A,Chak,"VR5M+8Q9, Chak, ",N/A
Taluka Headquarters Hospital Kandiaro,Hospital,N/A,Kandiāro,"Kandiāro, ",N/A
Heart Hospital,Hospital,N/A,Larkana,"H645+3WF, Larkana, ",N/A
Khanpur hospital government (pphi),Hospital,N/A,N/A,"Sindh, Indus Hwy, ",N/A
PPHI Hospital Allahyarani,Hospital,+92 316 7029420,Dādu,"QP23+2CH, Dādu, ",N/A
Surab General hospital,Hospital,+92 331 8326010,Surab,"F7J8+3GG, Nighar Rd, Surab, ",N/A
Baqapur Hospital,Hospital,N/A,Baqapur,"G6CC+P4J، Bakapur Road, Baqapur, ",N/A
Alshafa medical store civil hospital jacobabad,Medical Center,+92 331 3111395,Jacobabad,"Civil road, Jacobabad, 79000, ",N/A
Vitonery Hospital,Hospital,N/A,Goth Kolachi,"4QR8+MWM, Goth Kolachi, ",N/A
Gulalai Hospital,Hospital,+92 336 3838054,Usta Muhammad,"52JX+XX4, Saleem Colony Usta Muhammad, ",N/A
Anwer Piracha Hospital,Hospital,+92 71 9310775,Sukkur,"PR4X+J7W, Makha Goth, Sukkur, ",N/A
Waseem Hospital,Hospital,N/A,Pacca Chang,"V987+M7J, Hospital Rd, Pacca Chang, ",N/A
DHQ Hospital,,+92 300 3420271,Larkana,"B-3, Near Jinnah Park, Press Club, Jail Rd, Doctors Colony, Railway Colony, Larkana, 77150, ",N/A
Shams Heart Hospital,Heart hospital,N/A,Shikarpur,"XJ3H+XFC, Circular Rd, Shikarpur, ",N/A
Aga Khan University Hospital Medical Center Jaccobabad,Diagnostic center,+92 722 655014,Jacobabad,"Old Palace Hotel, Quaid-e-Azam Road, Ward No. 5 Jacobabad, 79000, ",hospitals.aku.edu/pakistan
Government Hospital Kolachi PPHI,Hospital,N/A,Goth Kolachi,"4QR8+CQQ, Goth Kolachi, ",N/A
Dr Illahi Bux Hospital,Hospital,N/A,Mehar,"5RFG+G9M, Madina Colony Mehar, ",N/A
Taluka Hospital Mehar,Hospital,N/A,Mehar,"5RMF+5R7, Mehar،, Rampur Mehar, ",N/A
Polio hospital,Hospital,N/A,Larkana,"G6WC+Q5G, Larkana, ",N/A
Govenment Hospital Kumb,Hospital,N/A,Kumb,"8J26+6RQ, Kumb, ",N/A
THQ Hospital Karkh,Hospital,+92 336 8485838,Karkh,"P5QG+WQP, Karkh, ",N/A
Labour Hospital,Government hospital,N/A,Khuzdar,"RHGM+VV4, New Twp Scheme Khuzdar, Khuzdar, ",N/A
Gher Gaju Hospital,Hospital,N/A,Kalhora Station,"R6C7+XJV, Village Gher Gaju, P/o, Kalhora Station, ",N/A
Government Hospital Sardar Shahid Khan Sehol,Car factory,N/A,Nawaab Jo Phaat,"6WRQ+HPQ, Nawaab Jo Phaat, ",N/A
Hospital,Children's hospital,N/A,N/A,"PMHJ+CJH, Dadu (NH 55) - Johi Link Rd, ",N/A
Panwari Hospital,Hospital,N/A,Kaman Mahessar,"35R7+837, Kaman Mahessar, ",N/A
Al Qadir Hospital 24 Hours service,Hospital,N/A,Mehar,"5RH9+GMV Dr. Abdul Haq Abbasi, Mehar, ",N/A
Govt Vaterenary Hospital,Veterans hospital,N/A,Dera Allah Yar,"99G2+4J5, Dera Allah Yar, ",N/A
Dr.Akram hospital,Hospital,+92 302 3631035,Khahi,"RRW5+CCP, Hothi - Khahi Rd, Khahi, ",N/A
Government Hospital and Government School Saidudero,Hospital,N/A,N/A,"M83F+66M, Canal Rd, ",N/A
HOSPITAL SOBHO KHAN MAGSI,Hospital,N/A,Mehar,"4XGH+77Q, Mehar, ",N/A
Al Quresh Charity Hospital,Hospital,N/A,Kandiāro,"3658+F2F, Kandiāro, ",N/A
DR Aijaz Mallah hospital,Hospital,N/A,Sita Road,"2RPX+P9X, Sita Road, ",N/A
Raji medical & hospital (WSS),Hospital department,N/A,Thul,"6QR9+RGW, Thul, ",N/A
Shaikh Zayed Hospital For Women ,Hospital,N/A,Larkana,"H663+WJC, Larkana, ",N/A
Maternity Hospital Shahddkot,Maternity hospital,N/A,Shahdādkot,"RWX4+QQR, Shahdādkot, ",N/A
Noor Eye Hospital Ranipur,Hospital,+92 300 3115487,Ranipur,"7GQ6+CFM, Ranipur, ",N/A
Gulzar Hospital,,N/A,Sukkur,"Barrage Colony, Sukkur, ",N/A
Mother and Child Health Care Hospital Bhiria Road,Hospital,N/A,Bhiria Road,"V7MJ+JWW, Pacca Chang Rd, Bhiria Road, ",N/A
Dr Murli Lal Hospital,Hospital,N/A,Sohbatpur,"GG7Q+85M, Sohbatpur, ",N/A
Vetnary Hospital Chak,Hospital,+92 316 3493715,Chak,"VR5M+7RW, Chak, ",N/A
Gambtat hospital,Hospital,N/A,Gambat,"9G4G+3F2, Gambat Bypass Rd, Gambat, ",N/A
Agro Hospital,Hospital,N/A,Mohabat Dero,"5629+758, Unnamed Road, Mohabat Dero, ",N/A
"Alaabad colony, covil hospital khairpir mirs",Housing society,N/A,Khairpur,"GP7Q+V85, Civil Hospital Rd, Alaabad colony Khairpur, ",N/A
Eyes Hospital,Hospital,N/A,Sohbatpur,"GG7Q+JGC, Road, Sohbatpur, ",N/A
Manohar Eye Hospital,Hospital,N/A,Jacobabad,"7CJM+4HM, Jacobabad, ",N/A
Children Hospital Road,Construction company,+92 336 3329343,Sukkur,"PR3J+4Q8 Children Hospital, Sukkur, ",N/A
Qazi Daro Veternity Hospital,Hospital,N/A,Bux Lakhiar,"52QP+QVM Qazi, Bux Lakhiar, ",N/A
"Hospital based blood bank, Civil Hospital Naushahro Feroze",Blood bank,+92 300 3110975,Naushahro Feroze,"R4PC+VX5, Pir Mohala Naushahro Feroze, ",fatimid.org/
"Civil Hospital Colony, DMJ",Lodge,N/A,Dera Murad Jamali,"G6R6+Q5P, Civil Hospital Rd, Dera Murad Jamali, ",N/A
Railway Hospital Dadu ,Hospital,N/A,Dādu,"PQHF+6MF, Railway Station Rd, Dādu, ",N/A
Al Shafa Hospital,Hospital,+92 333 2961065,Khuzdar,"RJ56+HQW, Khuzdar, ",N/A
PPHI Eye Hospital Khairpur,Hospital,+92 308 7162319,Khairpur,"2nd Floor, Red Cresent Medical Complex, near Old NADRA Office, Khairpur, ",N/A
Animal Hospital,Hospital,N/A,N/A,"Umeed ali Junejo, Shahdadkot Rd, ",N/A
Civil Hospital Laboratory,Medical laboratory,N/A,Larkana,"H636+J8G, Larkana, ",N/A
Shahani child and maternity care hospital khairpur mirs,Children's hospital,+92 301 9401924,Khairpur,"GPFV+W27 Butta colony, Mehran University Rd, near Attock petrol Pump, Nizamani Mohla, Khairpur, ",N/A
Metero eye care hospital,Hospital,N/A,Sukkur,"MVMR+RGC, Shalimar road, Sukkur, ",N/A
"MS Office Chandka Hospital, Larkana",Public health department,N/A,Larkana,"H635+6CP, Larkana, ",N/A
Dr Akbar Hospital,Hospital,+92 301 3214544,Tando Mir Ali,"3FPW+GHP, Tando Mir Ali, ",N/A
Dr Ali Akbar Khan Siyal Hospital Faridabad,Local medical services,+92 345 3478878,Faridabad,"F66H+XX9, near Bahadur Khan Siyal High School, Faridabad, 34200, ",N/A
BHU Hospital Manjhipur,Hospital department,N/A,Manjhi Pur,"CMH9+MHM, Manjhi Pur, ",N/A
Al-Ibrahim Eye Hospital Kandiaro,Hospital,N/A,Kandiāro,"3655+8P7, Kandiāro, ",N/A
Noble Hospital,Hospital,+92 308 2344448,Lahore,"G8F9+66H, Sultan Ahmed Rd, Rehmanpura Colony, Lahore, 54000, ",N/A
Punjab Rangers Teaching Hospital,Hospital,+92 42 36637003,Lahore,"Alamdar Rd, Jorry pull Cantt, Lahore, ",N/A
Nawaz Memorial Hospital,Hospital,+92 302 7500096,Kasur,"Milad Gate, Shahbaz Khan Rd, Tariq Colony Kasur, 55050, ",N/A
Sami Hospital,Hospital,N/A,Lahore,"68, Block H Gulberg 2, Lahore, ",N/A
Model Town Trust Hospital,Hospital,+92 42 35915336,Lahore,"Plot 32 E, Block E Model Town, Lahore, ",N/A
Allied Surgimed Hospital,Hospital,+92 42 35448288,Lahore,"C7W6+7RX, Airline Society, Lahore, ",N/A
Tehsil Headquarters Hospital Ferozewala,Hospital,+92 42 37304595,Ferozewala,"M75M+FQM, Phase 1 Al Rehman Garden, Ferozewala, ",N/A
ICU Mardan Medical Complex,Hospital department,+92 937 9230051,Mardan,"523J+JCW, Road, Sheikh Maltoon Town, Mardan, 23200, ",mmckp.gov.pk/
Shifa General Hospital,Hospital,N/A,Peshawar,"6B Park Rd, University Town, Peshawar, 25000, ",N/A
Prof dr. Sabir Khan,Children's hospital,+92 333 4515276,Peshawar,"Clinic . room A-15 Al shafa Health Care Center، Dagari Bazzar، near Shah Qabool Police Station, Qissa Khawani, Peshawar, 25000, ",N/A
Hilal Medical Store,Pharmacy,+92 301 8578098,Khar,"Rashid Market, near DHQ Hospital, Khar, ",N/A
Karwan super store,General store,+92 345 9345581,Mardan,"52XR+F53, Hospital road, Mardan, 23200, ",www.havenhomes.co.uk/
Hospital Appliances khokhar road shaheen town,Warehouse,N/A,Rawalpindi,"Shaheen Town, Rawalpindi, ",N/A
Rehman Medical Center,Hospital,+92 348 4467558,Khairabad,"X83J+2CX, Khairabad, ",madical.com/
THQ Hospital Pindi Bhattian,Hospital,+92 547 531942,Pindi Bhattian,"V7WH+F7W، Lahore Rd, Sukhe-ke Mandi Rd, Pindi Bhattian, 52110, ",N/A
Amina Jabbar Hospital (Waqaf),Hospital,+92 42 36676915,Lahore,"G9XQ+W54, Zarrar Shaheed Rd, Old Officers Colony, Lahore, ",N/A
Al Rahmat Hospital,Hospital,+92 301 1690179,Sahiwal,"M428+V5Q Umer Block, 6 Multan Rd, Sahadab Colony Shadab Town, Sahiwal, 57000, ",alrehmathospital.com/
Langriyal Surgimed Hospital Sahiwal,Hospital,+92 301 6931226,Sahiwal,"Fateh Sher Colony, Sahiwal, 57000, ",N/A
Yousaf Siddiqui Hospital,Specialized hospital,+92 321 4433116,Sheikhupura,"Gujranwala Rd, Rehmat Colony, Sheikhupura, 39350, ",N/A
Naseem Yousaf Hospital,Hospital,+92 322 6264258,Faisalabad,"W Canal Rd, near Gatwala Underpass, Civic Center Faisalabad, ",N/A
Pakistan Homeopathic Medical College & Hospital,College,+92 301 8743300,Lahore,"Street No. 18, near bibi pak daman, Muhammad Nagar Garhi Shahu, Lahore, 54000, ",phmcpak.edu.pk/
Madina Town Gynae and General hospital,Hospital,+92 41 6076392,Faisalabad,"C4CC+69W, Green Belt Rd, Block Z Madina Town, Faisalabad, ",N/A
MMC General Hospital,General hospital,+92 91 111 000 662,Peshawar,"2JM2+82C Shinwari Town, Peshawar Ring Rd., Pakha Ghulam, Peshawar, ",www.mmcgh.pk/
"Upper Swat General Hospital, Khwaza Khela Swat",Hospital,+92 304 5744456,Khwazakhela,"Mingora, N-95, Khwazakhela, 19110, ",N/A
"Med Care Gen Hospital, Peshawar",Private hospital,+92 335 0004141,Peshawar,"XFVG+F8M, Canal Rd, Danish Abad Rahat Abad, Peshawar, ",www.mcgh.com.pk/
Fauji Foundation Hospital Peshawar,Hospital,+92 91 9212772,Peshawar,"1 Hussain Abbas Shaheed Rd, Peshawar Cantonment, Peshawar, 25000, ",N/A
Batkhela International Hospital,Hospital,+92 341 9264309,Batkhela,"Canal Rd, opposite Bin Ahmad mega mart bypass Bridge, Batkhela, ",N/A
Allied Specialist Hospital Topi,Hospital,+92 314 9522011,Topi,"3JM7+37P, Topi, ",N/A
Naseerullah Khan Babar Memorial Hospital,Government hospital,+92 334 9077890,Peshawar,"Kohat Rd, Akbar Colony, Peshawar, ",www.healthkp.gov.pk/
Roshan Specialized Hospital & Research Center,Hospital,+92 946 714091,Saidu Sharif,"Saidu Sharif Rd, Swat Saidu Sharif, 19130, ",rsh.com.pk/
Al Elaj Hospital,Hospital,+92 51 4531904,Wah Cantt,"Basti, B-93 Main Shahwali Road, near CB Family Park, Wah Cantt, ",www.facebook.com/Pakwmpk/
Shaukat Khanum Memorial Cancer Hospital,Hospital,+92 91 5885000,Peshawar,"Shaukat Khanum Memorial Cancer Hospital and Research Centre 5-B, Sector A-2 Phase 5 Hayatabad, Peshawar, ",shaukatkhanum.org.pk/
PAF Hospital Peshawar Cantt,Hospital,+92 91 9213131,Peshawar,"XGVC+6WR, Khyber Rd, Peshawar Cantonment, Peshawar, ",N/A
Nowshera Combined Military Hospital,Military hospital,+92 923 610958,Nowshera,"2X3V+C6H, Service Rd, Nowshera Cantonment Nowshera, ",N/A
Hospital,Hospital,N/A,Dak Ismail Khel,"Hospital Koroona Dak Ismail Khel, ",N/A
Social Security Medi Care Hospital,Government hospital,+92 91 2322040,Peshawar,"XHJ5+PJP, Akbar Colony, Peshawar, ",N/A
Abeer Saeed Memorial Hospital,Private hospital,+92 945 761511,Chakdara,"Main GT Road, Chakdara, 18800, ",www.asmh.com.pk/
Medicare Hospital Attock(Aslam marwat),Hospital,+92 330 5326122,Attock,"Q9W5+MP8 Medicare hospital (Aslam marwat, Kamra Rd, Attock, 43600, ",N/A
Azhar Mehboob Memorial Hospital,Hospital,+92 341 4975553,Bhakkar,"Near superior college, Darya Khan Rd, Bhakkar, ",N/A
DHQ Hospital Layyah,Hospital,+92 308 7501408,Layyah,"XXC4+GP2, A-6 Doctors' Colony, Layyah, ",N/A
Qadir Ali Hospital,General hospital,+92 606 410096,Layyah,"XXC7+66R, Main Kutchehry Road, Layyah, 31200, ",www.qadiralihospital.com/
Rehmania Hospital,Private hospital,+92 966 730398,Dera Ismail Khan,"Rehmania Hospital, South Circular Road, Dera Ismail Khan, ",N/A
Musa Memorial Hospital,Private hospital,+92 453 510319,Bhakkar,"daewo terminal street bhakkar, Bhakkar, ",N/A
National Hospital Bhakkar,Hospital,+92 453 511008,Bhakkar,"Near, DHQ Bhakkar - Khansar Rd, Bhakkar, ",N/A
Safdar Hospital,Hospital,+92 344 7731290,Bhakkar,"Bhakkar, ",N/A
"DHQ Hospital, Bhakkar",Government hospital,+92 453 9200197,Bhakkar,"J3HQ+FJ7, Khansar Rd, Bhakkar, ",N/A
Abdullah Hospital,Private hospital,+92 453 514730,Bhakkar,"Club Rd, Bhakkar, 30000, ",www.hospitalby.com/doctors-pakistan/bhakkar/
Al-Hadi Medical Complex Bhakkar,Hospital,N/A,Bhakkar,"J324+WFX, Karor - Bhakkar Rd, Bhakkar, 30000, ",N/A
Fatima Medical Center Bhakkar,Hospital,+92 453 515456,Bhakkar,"J35H+XGF, Munir Rd, near Fatima Medical Center, Bhakkar, ",N/A
MTI DHQ Teaching Hospital DIKhan,Hospital,+92 320 8852369,Dera Ismail Khan,"RWF5+9RX, South Circular Road, Dera Ismail Khan, 32200, ",N/A
General Hospital Layyah,General hospital,N/A,Layyah,"XXQ6+J6W, Layyah, ",N/A
THQ Hospital,Hospital,+92 453 410200,Mankera,"9CWX+7JJ, Hospital Rd, Al-Qaim Colony, Mankera, Punjab, Mankera, ",N/A
Garwan hospital,General hospital,+92 302 6793335,Layyah,"Layyah Bypass Rd, Layyah, ",N/A
Brigadier Shafiq Ahmad Khan Niazi Memorial Trust near tiba sadaat,Hospital,+92 334 7605563,Bhakkar,"Main Darya Khan Rd, opposite Aman Town, Bhakkar, 30000, ",N/A
District Headquarter Hospital,Hospital,N/A,Bhakkar,"opposite DHQ Hospital, Bhakkar, ",N/A
Global Hospital,Hospital,N/A,Bhakkar,"Khansar Road, Bhakkar, ",globalhealthcare4u.com/
"Rural Health Center, Behal, Bhakkar",Hospital,+92 453 432077,Behal,"C267+VG2, Layyah Rd, Behal, 30040, ",pshealthpunjab.gov.pk/Home/HFDetail/0380010010020130002
Government Hospital,Hospital,N/A,Behal,"C277+4JM, Behal, ",N/A
Rashid Hospital,Hospital,+92 345 7896656,Shahkot,"Punjab, Nankana Road, Wapda Colony Shahkot, ",N/A
Nasri Trust Javed Hospital,Hospital,N/A,Lahore,"F9F7+Q2F, Al-Noor Town Al Noor Town, Lahore, ",N/A
T.H.Q Hospital,Bus stop,N/A,Lahore,"Kahna Nau, Lahore, ",N/A
PK SURGIMED HOSPITAL,Hospital,N/A,Chiniot,"PX7Q+J7F, Jhumra Rd, Chiniot, ",N/A
Sajjad Memorial Hospital,Hospital,N/A,Lahore,"11 d2, Gulshan-e-Ravi, Lahore, ",N/A
Shalamar Hospital Laboratories,Medical laboratory,+92 333 0427582,Lahore,"H9GJ+583, Shalimar Hospital Ave, Shalimar Larechs Colony, Lahore, 54000, ",www.shalamarhospital.org.pk/index.php?page=40
Children General Hospital,Hospital,N/A,Sheikhupura,"RV5F+H3V, Nowshera Rd, Sheikhupura, 39350, ",N/A
Ayra trust hospital lahore,Hospital,+92 321 4951965,Lahore,"Unnamed Road, Wahga Town, Lahore, ",N/A
Government Civil Hospital Mattani,Hospital,N/A,Mattanī,"RH26+G37, Tuker Khel Bala, Mattanī, ",N/A
Zahra Hospital,Hospital,+92 300 5908595,Peshawar,"Lakar Mandi, Peshawar, ",N/A
Mandai Hospital,Hospital,N/A,Mandai,"RP2R+HJM, Mandai Rd, Mandai, ",N/A
Pirzada Hospital,Hospital,+92 937 871308,Mardan,"Shamsi Rd, opp. Jinnah Hospital, Guli Bagh Mardan, 23200, ",N/A
Psychiatry Hospital Peshawar,Government hospital,+92 314 9745047,Peshawar,"2H66+99 Central prison Colony, PTCL Colony, Peshawar, ",N/A
Ss Diabetes Hospital and medical care,Hospital,+92 336 9276523,Peshawar,"Ss Diabetes Hospital and medical care, Peshawar Ring Rd., opposite zaiqa/taraskoon hotel, achini chowk Noudeh Bala, Peshawar, 25000",N/A
Type D Hospital Katlang ,Hospital,N/A,Katlang,"83R8+H3X, Katlang, ",N/A
Dr.Essa Khan Continental General Hospital,Hospital,+92 314 5288000,Saidu Sharif,"Q964+CH5, Swat Saidu Sharif, ",N/A
"Dogra Hospital, Bara, Khyber",Hospital,N/A,Ilam Guder,"VCX9+PWV, Bara Road.Ilam Guder, ",N/A
Al Hadi International Hospital Swabi,Hospital,+92 310 9866662,Swabi,"4F48+R56, Swabi - Jahangira Rd، near marina shopping mall, Swabi, 23396, ",N/A
Mahaban Medical and Research Hospital,Hospital,+92 311 9570474,Topi,"3JF5+RFC, Gadoon, industrial road, near karkhano chowk, Distt Topi, 23460, ",mahabanhospital.com/
Sikandar Memorial Hospital Hazro,Hospital,+92 300 5677966,Hazro,"WF6M+CGR Sikandar Memorial Hospital, Tana Road, Hazro, ",sikandarmhospital.com/
Emergency- Khyber Teaching Hospital ( KTH) Peshawar,Hospital,N/A,Peshawar,"C59 University Rd, Rahat Abad, Peshawar, ",N/A
Al-Jannat Hospital,Hospital,+92 57 2613587,Attock,"Q9P5+FVR, Dr. Shagufta Street, Darul Islam Colony Attock, ",N/A
Yashfeen general Hospital,Hospital,+92 91 2570066,Peshawar,"Yashfeen General Hospital, Government commerce college street, GT Rd, behind Govt high school, Zaryab Colony, Peshawar, 25000, ",N/A
"MEDIKS INTERNATIONAL HOSPITAL ISLAMABAD, Nowshera Cantt.",Hospital,+92 300 1307999,Nowshera,"Shahrah-e-Quaid-e-Azam, opposite to Daewoo Terminal, Nowshera Cantonment Nowshera, 24100, ",N/A
Ilyas General Hospital & Research Center.,Hospital,+92 333 9839440,Peshawar,"31A, 3, near Passport Office, Phase 5 Hayatabad, Peshawar, 25100, ",N/A
Civil Hospital,Hospital,N/A,Shabqadar,"6G8X+4PR, Shabqadar, ",N/A
Deen Hospital,Hospital,+92 345 4319887,Sher Garh,"RPGP+C6J, Sher Garh, ",N/A
Civil Veterinary Hospital Kot Radha Kishen,Hospital,+92 334 7453003,Kot Radha Kishan,"5495+95C, Mohalla Kot Maniyaan, Kot Radha Kishan, ",N/A
Zaitoon Children and Surgical Hospital,Hospital,+92 300 8162095,Pattoki,"Multan Lahore Rd, Pattoki, ",N/A
AYOUB HOSPITAL,Hospital,+92 300 4388126,Pindi Bhattian,"W72G+342 AYOUB HOSPITAL Chowk, Sarajan St, Pindi Bhattian, ",N/A
govt hospital,Hospital,N/A,Gagga Sarai,"7X58+VWH, Gagga Sarai, ",N/A
Amanat Eye Hospital Peshawar,Hospital,+92 91 7247001,Peshawar,"Liberty Mall, University Rd, Tehkal, Peshawar, 25000, ",www.amanathospital.com/
Dr Sherin Medical Center,Hospital,+92 938 271022,Topi,"3JP9+J4V shakri lar, Topi, ",N/A
Govt. Naseer Ullah Baber Memorial Hospital Peshawar,Government hospital,N/A,Peshawar,"XHM6+GGJ, road, Amin Colony Akbar Colony, Peshawar, ",www.healthkp.gov.pk/
Staff Hospital,Hospital,N/A,Peshawar,"Canal Town Peshawar, ",N/A
"Mian Rashid Hussain Shaheed Memorial Hospital, Pabbi",Government hospital,N/A,Pabbi,"2Q5X+M74, GT Rd, Usman Abad Pabbi, ",N/A
Govt Services Hospital,Hospital,N/A,Peshawar,"Lala Rukh Colony, Peshawar, ",N/A
Rehmat Hospital,Hospital,+92 923 644411,Nowshera,"2X6G+3VG, Khyber Pakhtunkhwa, Noshera-Charsadda Rte, Mohalla Meetha Khel, Nowshera, ",N/A
Asif Hospital,Hospital,N/A,Wah,"QPMG+X28, Hashmi St, Wah, 47040, ",N/A
South City Dilaram khan Memorial Hospital,General hospital,+92 946 711151,N/A,"Swat Shagai Village, ",N/A
Category C Civil Hospital Topi,Government hospital,N/A,Topi,"3J9Q+H7F, Tarbela Rd, Topi, ",N/A
Hospital,Hospital,N/A,N/A,"48MH+8RH, Unnamed Road, ",N/A
Warehouse DHQ Hospital,Hospital,+92 944 881012,Dir Upper,"DHQ Hospital, Dir Upper, 18000, ",N/A
THQ HOSPITAL PARKING,Parking lot,N/A,Kabal,"R72M+43M, Swat Kabal, ",N/A
Syed Children Hospital,Children's hospital,+92 315 9416531,Mardan,"Health, Shamsi Rd, Mardan, 23200, ",N/A
Swat international hospital,Hospital,+92 946 728880,Mingora,"near old nadra office swat, Swat Mingora, ",N/A
THQ Hospital Shabqadar,Hospital,N/A,Shabqadar,"6G7X+XF9, Shabqadar, ",N/A
Vet hospital ,Hospital,+92 301 0019173,Sheikhupura,"PX39+84C, Sheikhupura, ",N/A
Tahir Hospital,Hospital,N/A,Satiana,"655C+FQR, Rd, Satiana, ",N/A
Kauser Majeed Hospital,Hospital,+92 300 2376052,Sahiwal,"M4M2+PC2, Sahiwal Rd, Sahiwal, ",N/A
hospital,Hospital,N/A,Karyal Chak 17 GB,"FFHP+XWX, Karyal Chak 17 GB, ",N/A
Punjab Hospital,Hospital,+92 309 0381212,Pākpattan,"Shahid Hospital, DHQ Hospital Rd, Mandi Mor Pākpattan, 57400, ",N/A
Qaisra Raoof Hospital HM,Hospital,N/A,Lahore,"Jarrar Garden Lahore, ",N/A
Tibi Hospital Al-Khair,Hospital,N/A,Faisalabad,"Ghulam Muhammad Abad, Faisalabad, ",N/A
Frontier Institute of Ophthalmology - FIO Hospital,Eye care center,+92 91 5812391,Peshawar,"XFV2+JGW Medical Complex (HMC, Hayatabad Medical Complex Rd, opposite Hayatabad, Phase-4 Phase 4 Hayatabad, Peshawar, 25000, ",www.fiohospital.com/
Modern rehab & psychiatric hospital peshawar,Rehabilitation center,+92 370 9696806,Peshawar,"1, Peshawar, 25000, ",modern-rehab-zxvn.vercel.app/
Emergency Satellite Hospital Nahaqi,Hospital,+92 91 2960142,Peshawar,"3JW9+699, Shakarpura, Peshawar, ",N/A
Civil Hospital Kotera,Hospital,N/A,Harīpur,"XM98+8FR, Harīpur, ",N/A
Edo Eye Hospital,Hospital,+92 51 4540151,Wah,"QPQG+736, Lala Rukh St, Wah, ",edowah.org/
KPK GENERAL HOSPITAL,Hospital,+92 335 7778894,Mardan,"Shamsi Rd, near Mardan Press Club, Mardan, 23200, ",N/A
SMI general hospital,Hospital,+92 319 9924141,Mardan,"sajid house, Baghdada Rd 6346+GX5 kapoor Khan, Par Hoti Rd, Mohalla Hoti, Mardan, 23200, ",N/A
Pati T.b Hospital,Hospital,N/A,Peshawar,"2H4M+W2M, Mohalla Hudda Peshawar, ",N/A
Government Hospital Ghundi,Hospital,N/A,N/A,"Warsak Dam Rd, ",N/A
Gul Habib Memorial Hospital,General hospital,+92 344 5500888,Dheri,"N-45 Alladhand, Dheri, ",N/A
LRBT Free Secondary Eye Hospital – Akora Khattak,Hospital,+92 923 630283,Akora Khattak,"2435+99V، GT Rd Siddiqabad, Nowshera, Akora Khattak, 24040, ",N/A
THQ Hospital Shamshi khan,Hospital,N/A,Talash,"PVR6+G7Q, Talash, ",N/A
Nayab Surgical Hospital,Medical clinic,+92 51 4511689,Wah,"A-39 Lala Rukh St, Lalarukh Colony, Wah, ",N/A
Irfan Hospital Peshawar Center,Hospital,+92 343 9081493,Peshawar,"Malik Saad Market, Sector D/5، Lalazar Ave, Phase 1 Hayatabad, Peshawar, ",N/A
Hospital,Hospital,N/A,Tangora,"GJRQ+6VR, Al madina medical & surgical center batara deewana Baba rd chagharzai buner khibar pukhton, Tangora, ",N/A
Hospital,Hospital,N/A,Shamshato,"VPJ4+FC2, Shamshato, ",N/A
ESSI Polyclinic Hospital,Hospital,+92 91 2325220,Peshawar,"XHM5+CPH, Small Industrial Estate, Peshawar, ",N/A
Muhammad’s Hospital,Hospital,N/A,Torwarsak,"G96G+M63, Torwarsak, ",N/A
Hospital market,General store,N/A,Kamra Kalan,"R9PV+WRC, F 6 Colony, Kamra Kalan, ",N/A
hospital,Hospital,N/A,Beka,"282V+PQ6, Road, Beka, ",N/A
Tofiq Hospital,Child health care center,+92 44 2635975,Renala Khurd,"Raay road G T. Road, Renala Khurd, ",N/A
Alkhidmat Sughran Nazir Hospital,Community health center,+92 316 7772909,Lahore,"Alkhidmat Street, Link Sher Shah Link Rd, off Raiwind Road, Bhobtian, Lahore, 05499, ",N/A
"Shalimar Hospital, Harapa City sahiwal",Hospital,N/A,Harappa,"JVHJ+F38, Harapa Rd, Harappa, ",N/A
"Government Village Hospital,Natha Singh Wala.",Hospital,N/A,Lahore,"FC4M+FMH, Natha Singh Wala, Lahore, ",N/A
Ghazi Hospital 56 JB,Hospital,+92 341 5512456,Chak 56 JB Khiala Khurd,"FWRP+FVM, Unnamed Road, Chak 56 JB Khiala Khurd, ",N/A
Nusrat Children and Medical Hospital (NCMH),Children's hospital,+92 312 7650483,Lahore,"Main Road, near Jaedoun Pull, Jia Bagga, Lahore, ",N/A
Anwar Jameel Hospital,Hospital,+92 321 7772604,Kala Shah Kaku,"Main Grand Trunk Rd, Hussain Town Ravi Rayon, Kala Shah Kaku, ",N/A
Javed Wazir Memorial Hospital,Hospital,+92 323 0071026,Faisalabad,"Salam Town Street Number 10 People Colony Number 2, Siddiqia Mill Colony, Faisalabad, 38090, ",www.facebook.com/Javed-Wazir-Memorial-Hospital-Faisalabad-109462225039900/
Govt. Hospital 448 GB,Hospital,N/A,Chak 448 GB Lisharan,"XXG8+MHX, Chak 448 GB Lisharan, ",N/A
Yaseen Hospital,Hospital,+92 301 5247484,Faisalabad,"Jaranwala Rd, Zubair Colony Dhudiwala Sharqi, Faisalabad, 38000, ",N/A
"Hafeez Specialist Hospital, Mian Channu",Hospital,+92 65 2660177,Mian Channu,"Street 1 Liaquat Road, Nawab Colony, Mian Channu, 58000, ",N/A
DHQ Hospital Jhang,Hospital,+92 312 6751600,Jhang,"787J+5XC, Gojra Rd, Rana Colony Jhang, ",dhqjhang.punjab.gov.pk/
Govt.Hospital Royal Orchard Multan,Hospital,+92 304 8208684,Multan,"F-Block, Royal Orchard Housing Society, 4 St 8, Royal Orchard Housing Society Musa Wala, Multan, 60000, ",N/A
Layyah City Hospital,Hospital,+92 335 6501212,Layyah,"Bypaas Road, near Faiz Chowk, Layyah, 31200, ",N/A
Ali Ahmad Khan Hospital,Hospital,+92 47 7631021,Jhang,"Jhang - Toba Tek Singh Road, Jhang, 35200, ",aliahmedkhanhospital.com/
ZAHEER HOSPITAL KAMALIA,Hospital,+92 46 3412626,Kamalia,"PJPR+VP7, Main Colony Rd, Zeeshan Colony, Kamalia, ",N/A
The Doctor's Hospital Gojra,Hospital,+92 46 3512821,Gojra,"Gojra, ",N/A
Civil hospital 4512 L,Government hospital,+92 324 6780514,Chak 45/12-L,"CMW7+853, Chak 45/12-L, ",N/A
Majeed Hospital,Hospital,+92 300 6890747,Khanewal,"7WXF+849, Khanewal, ",N/A
Haleema Surgical Hospital,Hospital,+92 47 5311752,Shorkot,"R3WP+G8W, Jhang Rd, Shorkot, ",N/A
Kamil Sarwar Hospital,Hospital,+92 300 0917121,Sillanwali,"RGGQ+JWF, Block 1 Sillanwali, ",N/A
Goverment Hospital,Government hospital,N/A,Chak 369 JB,"4P7H+7WP, Chak 369 JB, ",N/A
RCH Hospital,Medical Center,N/A,Chak 46,"VQJG+6Q4, Faisalabad Rd - NH 60 Link, Chak 46, ",N/A
govt hospital,Hospital,N/A,Chak 46,"VQJG+5MJ, Chak 46, ",N/A
Ahmad waheed Hospital,Hospital,+92 302 6710399,Sargodha,"Faisalabad Rd, Maryam Town, Sargodha, 40100, ",N/A
Minha General Hospital,Hospital,+92 317 0726464,diluwala,"Hospital, Ada pull diluwala link road, Ada pull, bhowana& chimrawali diluwala, ",N/A
Buner Children's Hospital SHNAI,Hospital,+92 313 9346255,N/A,"Sowari - Mingora Rd, 17290, ",N/A
Bahadar Care Hospital,Hospital,+92 313 5095578,Swabi,"Shewa Adda, Shewa Road, Asota Sharif, Razzar, Swabi, ",N/A
Shahid General Hospital,Hospital,+92 303 2129083,Khalozai,"Bajaur Agency Rd, Khalozai, ",N/A
Social Security Hospital,Hospital,+92 938 256454,Topi,"4JHM+Q8H, Topi, ",N/A
Hospital,Hospital,N/A,Nowshera,"25C9+958, Nowshera, ",N/A
Tayaba Mazhar Hospital,Maternity hospital,+92 312 9217274,Peshawar,"34 Abdara Rd, University Town, Peshawar, 25000, ",tmh.biz.pk/
Hospital (Cantonment Board) Risalpur,Hospital,N/A,Risalpur,"3244+J5X, Unnamed Road, Risalpur, ",N/A
Cardiac Family Fauji Foundation Hospital Peshawar,Hospital,+92 331 1110897,Peshawar,"1 Hussain Abbas Shaheed Rd, Peshawar Cantonment, Peshawar, 25000, ",www.facebook.com/cardiacfamily
Alsehat Hospital,Hospital,+92 342 9431477,Timergara,"Street 1, Timergara, 18900, ",N/A
Ganderi BHU Hospital,Hospital,N/A,Risalpur,"3X5G+858, Risalpur, ",N/A
Cival Hospital Manglor,Hospital,N/A,Manglor,"RC3G+88R, Swat Manglor, 19201, ",N/A
"Vascular Surgery Ward, Lady Reading Hospital Peshawar",Government hospital,N/A,Peshawar,"2H69+473, Pipal Mandi, Peshawar, ",N/A
New Afridi Surgical Hospital,Medical Center,+92 336 2256859,Peshawar,"2H46+MQV shuba chowk, jail bridge, near park inn hotel, Shuba Bazaar Shoba, Peshawar, ",N/A
Thq hospital puran,Hospital,N/A,Aloch,"PMQM+G6C, Aloch, ",N/A
Hayat-e-Nou Hospital all Drugs Addictions and Psychological Rehabilitation Centre Faisalabad,Addiction treatment center,+92 311 7210385,Faisalabad,"House No 63-F, Awais Qarni Road, F Block Millat Town, Faisalabad, 38070, ",https://ln.run/N22s9
Al Rafique Hospital,Hospital,N/A,Depalpur,"15, km pakpttan road, Depalpur, ",N/A
"Madina MD, hospital",Hospital,N/A,N/A,"Delhi - Multan Rd, ",N/A
Dr. Faheem Feroze Eye Hospital,Ophthalmology clinic,+92 44 2716600,Okara,"31 Street Number 2, Waris Colony Okara, ",N/A
"Asher Imran Hospital, Sahiwal",Hospital,N/A,Sahiwal,"M3PX+7CH, Main Shadman Town Road, Ravi Block Rd, 43/A Block Sahiwal, ",N/A
"Central ICU Mayo Hospital, Ghari Ward",Hospital department,N/A,Lahore,"43 Nisbat Rd, Anarkali Bazaar Lahore, 54000, ",N/A
"Faisalabad Cancer Center, Faisal Hospital",Cancer treatment center,+92 321 1791789,Faisalabad,"East, 7th Floor, Faisal Hospital 544, People’s Colony, Canal, Road, Faisalabad, 38000, ",faisalabadcancercenter.org/
"Division of Pediatric Nephrology, Paediatric Medicine Unit-2 Mayo Hospital Lahore",Hospital department,N/A,Lahore,"Childern Ward, Anarkali Bazaar Lahore, 54000, ",N/A
"Medical Superintendent Office Sahiwal Teaching Hospital, Sahiwal",Government office,+92 300 1170286,Sahiwal,"M4M3+F9P, Sahiwal, ",N/A
Boys Hostel SAHS ( School of Allied Health Sciences) DHQ Teaching Hospital Sahiwal,Hostel,N/A,Sahiwal,"M4M2+837, Sahiwal, ",N/A
THQ Hospital Ghazi,Hospital,N/A,Ghazi,"2MC6+M55, Ghazi, ",N/A
The Royal Hospital Swat & Dilshad college of nursing and allied health sciences,Hospital,+92 317 6216969,Manglor,"opposite miangul abdul haq kidney hospital, Swat Manglor, 19130, ",N/A
Family care hospital,Medical Center,+92 938 222268,Swabi,"4F48+M33, Swabi, ",N/A
Royal Care Clinic/Hospital,Hospital,+92 330 2021922,Peshawar,"2FFP+44P, Behind Bin Rafi Pharmacy, Forest Bazar, near agriculture University, Rahat Abad, Peshawar, 25000, ",N/A
"BHU Chamkani, Category-D Hospital Chamkani",Government hospital,+92 313 9218514,Peshawar,"Abdul khel, Peshawar, 24350, ",N/A
Qadir General Hospital,Hospital,+92 91 6551001,Dhakki,"8Q2G+J7G, Dhakki, ",N/A
"Mother and Child MCH (Zanana) Hospital, Parachinar",Hospital,N/A,Parachinar,"V4W2+QR8, Parachinar, ",N/A
Da Haq Awaz Anti-Drug Hospital Peshawar,Hospital,+92 91 5711114,Peshawar,"XFQR+9R7, Canal Rd, University Town, Peshawar, ",N/A
Alkhidmat Farzana Shah Nawaz Hospital,Hospital,+92 323 0077888,Nabi,"X9Q6+9C, Nabi, ",akfsnh.com/
international hospital,Hospital,N/A,Mingora,"Q97G+XCP, bypass, خواجہ آباد Mingora, ",N/A
RHC Hospital Gumbat,Government hospital,N/A,Mardan,"45MM+57R, Mardan, 23200, ",N/A
AL Noor Hospital Barawal,Hospital,+92 342 3893409,Barawal Bandi,"Barawal Bandi, ",N/A
KHAIR UN NAS HOSPITAL,Hospital,+92 945 835827,Mayar Jandool,"VMQ8+7Q9, Mayar Jandool, ",N/A
Al-shafa hospital,Hospital,N/A,Peshawar,"2H36+9HF, Lakar Mandi Peshawar, ",N/A
NASEER HOSPITAL,Hospital,+92 313 5387633,Hassan Abdal,"RMFP+VRH, Mohalla Milad Nagar, Hassan Abdal, ",N/A
Mughal Pharmacy and Mughal Eye Hospital walk-in Clinic and Lab,,+92 42 36292407,Lahore,"25 Empress Rd, Muhammad Nagar Garhi Shahu, Lahore, ",N/A
Zeenat laboratory Online facility (mian meer hospital),Medical laboratory,+92 303 4361767,Lahore,"Mian Mir Hospital, Umar Colony, Lahore, ",www.zeenatlab.com/
Ali Surgical and Children Hospital Burewala Road Arifwala,Hospital,+92 301 3358724,Ārifwāla,"73Q9+6WQ, Burewala Rd, Ārifwāla, ",N/A
Dr. Uswa Shahbaz ( Clinical psychologist),Psychologist,+92 336 6948898,Lahore,"near Sadar, Naseer Hospital zarar shaheed road, Saddar Gol Chakar, Old Officers Colony, Lahore, 54000, ",N/A
Sheikh zyade hospital,Fast food restaurant,N/A,Lahore,"G74H+GGP, Karim Block Allama Iqbal Town, Lahore, ",N/A
OPD Children Hospital Faisalabad,Hospital department,+92 41 9203065,Faisalabad,"92VF+4HV, Jhang Rd, Faisalabad, ",N/A
Nigar street Hospital road Near Dr Ghulam Rasool Dental surgon,Housing complex,N/A,Sheikhupura,"Nigar street city, 176, Jinnah Park, Sheikhupura, ",N/A
Hameed Latif Hospital Laboratories.,Laboratory,+92 303 7775151,Faisalabad,"79- B Aqsa town, Kasur Road, Noorpur, Faisalabad, ",N/A
Hospital wali ground,Playground,N/A,Chak 258 RB Laman Pind,"62MC+J9, Chak 258 RB Laman Pind, ",N/A
The Vets Corner Animal Hospital Lahore (جانوروں کا ہسپتال),Animal hospital,+92 304 4477277,Lahore,"orchard, Bahria Orchard Eastern District Bahria, Lahore, ",thevetscorner.com/
CVH Gogera / Civil Veterinary Hospital Sadar Bangla Gogera,Animal hospital,+92 337 9683274,Bangla Gogera,"X84G+5M4, Bangla Gogera, ",N/A
Pak Pets Hospital,Animal hospital,+92 304 3515333,Lahore,"E-1 block, Roundabout, near Jut chowk, near ALLAH-HO, Johar Town, Lahore, ",N/A
MMHC and eye care hospital,Ophthalmologist,N/A,peeran,"CP2J+V8C, Mochiwala, bangla road, nabipur, peeran, ",N/A
SLF Welfare Hospital,Hospital,+92 310 1889188,Jehangīra,"Usman Abad Dhari Khattak, Dubandi Bazar Jehangīra, 24100, ",N/A
Govt Hospital,Hospital,N/A,Azakhel Payan,"XVPJ+RXH, Azakhel Payan, ",N/A
Fatima Hospital,Hospital,+92 336 5472995,Hazro,"WF4R+WXP, Circular Rd, Mohalla Azeem Khan, Hazro, ",N/A
ALI HOSPITAL,Hospital,+92 349 9351558,Charbagh,"RCRV+6H3, Swat Charbagh, ",N/A
"DOCTORS HOSTEL,DHQ HOSPITAL SHANGLA Alpuri",Government hospital,N/A,Alpuri,"DHQ HOSPITAL, Bazaar Alpuri, ",N/A
Wadan homeopathic General Hospital ,Hospital,+92 311 9522211,Peshawar,"Saif plaza Din bahar pul stop, main Charsadda Rd, Zaheer Abad Shahi Bagh, Peshawar, ",www.youtube.com/@Health139
THQ Hospital Kabal Swat,Hospital,+92 946 755306,Kabal,"R72M+58G, Swat Kabal, ",N/A
Dr Pir Gul Memorial Hospital,Hospital,+92 348 8450723,Batkhela,"JX9H+QMQ, Dir - Malakand Rd, Batkhela, ",N/A
Zyarat Hospital,Hospital,N/A,Talash,"PVQM+753, Talash, ",N/A
Syed Hospital,Hospital,+92 937 553077,Takht Bhai,"7WFP+X2V, Takht Bhai, ",N/A
Khyber Medical Centre & Maternity Home,Hospital,N/A,N/A,"99G3+HHJ, Road, ",N/A
Taj Welfare Organization Hospital,Hospital,N/A,Peshawar,"WHV4+98Q kagawala, Kohat Rd, Ahmed Khel, Peshawar, ",N/A
Jan Cerjigal Hospital,Hospital,N/A,Chārsadda,"5Q25+XQV, Unnamed Road, Chārsadda, ",N/A
Sina Medical & Children Hospital,Hospital,+92 937 551092,Takht Bhai,"7WJH+J7J, Mardan-Malakand Rd, Takht Bhai, 23100, ",N/A
Hamid banoori hospital services,Hospital,N/A,Peshawar,"XHQ7+W7G, Banoori Rd, Khushal Town, Peshawar, ",N/A
"Fountain House, Mental Hospital Hayatabad",Hospital,+92 91 9210460,Peshawar,"XCVR+Q3X, Passport Office Rd, Phase 5 Hayatabad, Peshawar, ",N/A
Happy Pets Hospital & Mart,Animal hospital,+92 335 5555555,Lahore,"Link Ferozepur Rd، inside Madina Medicose, New Islamia Park Islamia Park, Lahore, 54000, ",N/A
Apple pharmacy jinnah hospital lahore,Pharmacy,+92 320 1837282,Lahore,"Apple pharmacy, jinnah hospital, Block A Faisal Town, Lahore, ",27.20.162.150/
AL SHIFA SURGICAL HOSPITAL,Hospital department,+92 300 0969215,Sahiwal,"Main GT Road, near Grid Stop, Sahiwal, ",N/A
Saeed Dental Hospital,Dental clinic,+92 334 7453153,Pākpattan,"89PR+H68, Thana Rd, Pākpattan, 57400, ",N/A
Pets Hospital,Animal hospital,+92 336 3515300,Lahore,"Wapda Town round, PIA Main Boulevard، near My Burger, Lahore, 52132, ",N/A
Manzar Hospital,Private hospital,+92 313 7614270,Jhang,"883H+V72، Jhang Bazar Jhang, ",N/A
Surrya Hospital,Hospital,N/A,Gojra,"Gojra, ",N/A
Family Hospital,Hospital,+92 46 3517643,Gojra,"5M4H+JVX, Baseline Road, Gojra, ",N/A
Alnoor hospital gojra,Hospital,+92 46 3510212,Gojra,"5M2H+27V, Gojra, ",N/A
Robina Memorial Hospital,Hospital,+92 302 9646257,Fatehpur,"55JV+J3G, Fatehpur, ",N/A
Govt Hospital,Hospital,N/A,Mankera,"GF8R+5MJ, Mankera, ",N/A
THQ HOSPITAL 18 HAZARI,Hospital,N/A,Jhang,"53MC+JPG, WASOO, Bhakar Rd, Jhang, ",N/A
National Hospital Kotsultan,Hospital,+92 300 6764235,Kot Sultan,"QW6J+VG4, Kot Addu-Layyah Road, Kot Sultan, ",N/A
MNHC HOSPITAL 128,Hospital,N/A,Chak 128 E.B,"7M62+7HF, Chak 128 E.B, ",N/A
Mian Hospital & Medical Complex,Hospital,+92 302 1391358,Chowk Azam,"Layyah - Chowk Azam Rd, Chowk Azam, 31450, ",N/A
Masjid THQ Hospital Taunsa Shareef,Hospital department,N/A,Taunsa,"PM62+GR9 Chowk Hashim, DG Khan-DI Khan Rd, Taunsa, ",N/A
District Head Quarter Hospital Sherani ,Hospital,N/A,Mughal Kot,"RPJ4+8QM, Mughal Kot, ",N/A
Al Hafeez Hospital,General hospital,+92 345 7865035,Chand Bharwana,"C7C8+G96, Sargodha Rd, Chand Bharwana, ",N/A
THQ Hospital Barthi,Hospital,N/A,N/A,"H95G+J33, ",N/A
Al Raheem Children & General Hospital,Hospital,+92 345 3036093,Athara Hazari,"53CW+GRC, Jhang - Bhakkar Rd, Athara Hazari, ",N/A
Malik General Hospital Kotsultan,Hospital,+92 304 3902412,Kot Sultan,"QWHJ+FHF, Kot Sultan, ",N/A
Amin Hospital,Hospital,+92 65 2552824,Khanewal,"7WW9+W5J, Khanewal, ",N/A
Dubai Hospital,Hospital,+971 55 416 1090,Multan,"6FW8+7P3 Fair E Aam Chowk, Multan Bypass, Multan, ",N/A
Family Hospital,Hospital,+92 334 4442350,Kot Addu,"Qureshi, Main street, Town, Kot Addu, ",N/A
"Veterinary Teaching Hospital, The University of Agriculture Peshawar",Hospital,+92 333 9481070,Peshawar,"Nasir Bagh Rd, opposite police colony, Shah Faisal Town, Peshawar, ",N/A
Gov Hospital Darmai,Hospital,N/A,Darmai,"3FJ2+J45, Darmai, ",N/A
Hospital Calony,Hospital,+966 59 218 1177,Pataw,"3W2J+QQ7، Unnamed Rd, Pataw, ",N/A
Taj Hospital,Hospital,N/A,Peshawar,"XH24+4RQ, Kohat Rd, Ahmed Khel, Peshawar, ",N/A
Al Shifa care and surgical Hospital SherGarh,Hospital,+92 310 1010642,Harichand,"9WX2+P8J, Sher Garh Rd, Harichand, ",N/A
Batakara Hospital,Hospital,N/A,Pontia,"2JJ5+HJ5, Pontia, ",N/A
KHAN GENERAL HOSPITAL,Hospital,N/A,N/A,"V99G+5GP, ",N/A
Cat D Hospital Manki sharif,Hospital,+92 342 8603253,Manki Sharif,"WXRC+5HQ, Road, Manki Sharif, ",N/A
Hospital for Women,Hospital,N/A,Attock,"Q9R5+3V6, Darul Islam Colony Attock, ",N/A
Daud Hospital,Hospital,N/A,Shabqadar,"6H3C+3JF, Shabqadar, ",N/A
The Capt Ali Children Hospital,Hospital,+92 946 721573,Saidu Sharif,"P9W3+MQC, Saidu Sharif Rd, Shahi Bagh Saidu Sharif, ",N/A
Hassan Hospital,,+92 57 2520566,Hassan Abdal,"RMFP+JVF, Hazara Rd, Khawaja Nagar Mohalla Panjabian, Hassan Abdal, 43730, ",N/A
Hospital Daag,Playground,N/A,Nowshera,"Hospital Daag, DHQ Hospital Rd, Mohalla Meetha Khel, Nowshera, ",N/A
Excel Labs - Lady Ready Hospital - Peshawar,Hospital,+92 91 2592587,Peshawar,"Shop No-5, Peshawar Medical Center, Hakeem Ullah Jan Rd, opposite LRH Emergency Gate, Pipal Mandi Peshawar, ",www.excel-labs.com/
Kulsum International Hospital Islamabad Laboratory Collection Center KTH Hospital,Laboratory,N/A,Peshawar,"MATEEN MEDICAL CENTRE, opposite KTH HOSPITAL EMERGENCY GATE, University Town, Peshawar, 25000, ",N/A
Habiba Homeopathic Teaching Hospital & Research Center,Hospital,+92 306 9851110,Peshawar,"Sikandar Pur Road, opposite Arbab Plaza, near Islamia Collegiate School, Sikandarpūra Hashtnagri, Peshawar, ",N/A
Mother & Children Hospital,Children's hospital,+92 312 9887446,Mardan,"52VP+6M6, Shamsi Rd, Mardan, 23200, ",N/A
The Kashmir Valley Animal Hospital Wah cantt,Animal hospital,+92 300 5133656,Wah Cantt,"New, CB 512 Farooq-E-Azam St, Gudwal Rd, 27 Area Wah Cantt, ",N/A
"Dr. Naveed Anwar. Professor. Gastroentrologist, Peshawar General Hospital, PGH",Medical clinic,+92 335 4430305,Peshawar,"Peshawar General Hospital, PGH 6-A, Sector A2 Phase 5 Hayatabad, Peshawar, 25000, ",N/A
Category C Hospital Wari,Hospital,+92 944 840022,Wari,"X2WP+56R Tehsil, Wari, ",N/A
Hospital Masjid,Mosque,N/A,N/A,"Sowari - Mingora Rd, ",N/A
THQ hospital nawaz shareef,Hospital,N/A,Chakdara,"THQ Hospital Chakdara, Hospital Road, Chakdara, ",N/A
MS Office DHQ. Hospital Daggar,General hospital,N/A,Karapa Kalay,"FFX6+4FX, Karapa Kalay, ",N/A
Veterinary Hospital Alladand Dheri,Hospital,+92 345 9525915,Allahdand Dheri,"Veterinary Hospital, Allahdand Dheri, ",N/A
Mualij Homeopathic Hospital Hassanabdal,Private hospital,+92 313 9040502,Taxila,"RM5X+43X, Taxila, 47080, ",https://ln.run/3ipKE
Al Khidmat Hospital,Hospital,N/A,Garhi Kapura,"55W7+75V, Garai, Garhi Kapura, 23200, ",N/A
Life care hospital Kara bazar,Hospital,N/A,Kabal,"V985+F8Q Life care hospital, near bhu bars Samai Kara, Kabal, ",N/A
NHRC Hospital,Health consultant,+92 349 9212001,Peshawar,"2HFH+8HR, Eid-gah Rd, Zaryab Colony Peshawar, ",noorinstituteofnursing.pk/
North West General Hospital Laboratory,Medical laboratory,+92 336 9424109,Peshawar,"XFV2+MVF, Phase-4 Phase 4 Hayatabad, Peshawar, ",N/A
Hospital,Health consultant,+92 317 2025721,Shah Dher,"Mattni Hospital, Shah Dher, ",N/A
THQ Hospital Medical Ward,Hospital department,N/A,Chakdara,"M25M+89M, Hospital Road, Chakdara, ",N/A
Animal hospital,Hospital,N/A,Brug,"6Q8J+4MH, Brug, ",N/A
HOSPITAL KOROONO MASJID,Mosque,N/A,Dak Ismail Khel,"VR45+M2Q, Cherat Rd, Hospital Koroona Dak Ismail Khel, ",N/A
Dental Hospital Lawn,Playground,N/A,Peshawar,"XFXM+QJM, near IRNUM Hospital, University of Peshawar, University Rd, Rahat Abad, Peshawar, ",N/A
Nasrat Mina Maternity Hospital,Maternity hospital,N/A,Shamshato,"VPJ6+V25, Shamshato, ",N/A
Animal Hospital Guratie swat,Animal hospital,N/A,N/A,"N-95, ",N/A
Aziz Medical Store City Hospital Timergara,Community center,N/A,Timergara,"City Hospital, Timergara, ",N/A
Ahmad Pets and vets care Hospital Shewa Adda Swabi,Pet store,+92 311 9600883,Swabi,"Adda, Malik Inayat market main mardan-swabi road near Tehsil Razzar Shewa",N/A
Insaf General Hospital,Hospital department,N/A,Peshawar,"3H7R+RCX Wahid ghari road touda stop, Charsadda Rd, Khankola, Peshawar, ",N/A
Dr. Waqar's Pets Hospital,Veterinarian,+92 311 9034570,Peshawar,"University, 15-D Circular Rd, Town, Peshawar, ",N/A
Civil Viterinary Hospital Jamrud,Animal hospital,+92 91 5820070,Jamrud,"292P+Q28, Jamrud, ",N/A
Sha mansoor hospital sawbi,Hospital department,N/A,Shah Mansoor,"3CCW+7J6, Shah Mansoor, ",N/A
Doctor Hospital,Health consultant,+92 319 6968238,Shergarh,"opposite imam bargah alashiq, Shergarh, 56140, ",N/A
Smile Dental hospital,Dental clinic,+92 333 9477902,Mingora,"Ihsan plaza, old Post Office Rd, Swat Mingora, 19130, ",N/A
Banazir Bhutto children hospital MTI Mardan,Hospital department,N/A,Mardan,"524J+4QM, Sheikh Maltoon Town, Mardan, 23200, ",N/A
Dr Anwar Ul Haq Dental Hospital,Hospital,+92 308 4417775,Batkhela,"JX55+X38, Akbar Abad Akbarabad, Batkhela, ",N/A
BISP Nashonuma Program DHQ Hospital Khar,Health food store,+92 306 5727366,Khar,"DHQ Hospital, Khar, 18650, ",N/A
Animal hospital,Animal hospital,N/A,Bagh,"RPC7+9P, Bagh, ",N/A
Pak surgical Hospital,Doctor,N/A,Peshawar,"2H46+RJX, Shuba Bazaar Shoba, Peshawar, ",N/A
Front of THQ hospital gunjai,Pharmacy,N/A,Gunjai,"7WQM+2MG Front of THQ hospital, Gunjai, ",N/A
KP INTERNATIONAL HOSPITAL,Hospital,N/A,Peshawar,"XCVQ+8FG, Phase 5 Hayatabad, Peshawar, ",N/A
Shall Clinic & Medical Store,Hospital,+92 333 3669565,Quetta,"4X4G+FV6, Sariab Mills Colony Kechi Baig, Quetta, ",N/A
Jenabai Hussainali Shariff Building,Hospital department,+92 21 34930051,Karachi,"V3RG+G5J The Aga Khan University Hospital (AKUH), National Stadium Rd, Aga Khan University Hospital, Karachi, ",aku.edu/
Ayaan children hospital and maternity home,Hospital,+92 309 2342971,Karachi,"Plot #10 , Near Ayoub goth Old Police Chuki, Sukhia Goth Gulzar E Hijri Scheme 33, Karachi, 75850, ",N/A
Turkey Hospital Muzaffargarh Punjab,Hospital,+92 66 8200021,Muzaffargarh,"34CJ+72W, Muzaffargarh, ",N/A
"Indus Hospital - Recep Tayyip Erdogan Campus, Muzaffargarh",Hospital,+92 66 8200021,Muzaffargarh,"D G Khan Road, Muzaffargarh, 32400, ",indushospital.org.pk/about/ihn/
"DHQ Hospital, Muzaffargarh",Hospital,+92 66 9200227,Muzaffargarh,"Muzaffargarh, 34200, ",dhqmuzaffargarh.punjab.gov.pk/about_us
"Medicare Children & General Hospital (GCGH), Allah Abad",General hospital,+92 345 8726256,Allah Abad,"Usman Colony Janpur, road, Allah Abad, ",N/A
Emergency Indus Hospital muzaffargarh,Emergency care service,+92 300 0221861,Muzaffargarh,"Indus Hospital, near N-70, Muzaffargarh, ",N/A
Al Mustafa Health Care,General hospital,+92 302 2134204,N/A,"Adda Board Mubarak Pur Road, 1 Ahmad Pur East, 63350, ",N/A
RHC,Hospital,N/A,Rohillanwali,"Rural Health Center Rohilanwali, Alipur - Muzaffargarh Rd, near by RHC, Rohillanwali, ",N/A
Punjab Social Security Hospital Muzaffargarh,Hospital,+92 66 2428294,Muzaffargarh,"35HJ+C7H, street no 2, near Social Security Hospital, Bakhsh Nabi Colony, Muzaffargarh, ",N/A
Basic Health Unit Mian Pheroo,General hospital,N/A,Darkhast Jamal Khan,"MFV8+WJC, Talpur - Dajal Rd, Darkhast Jamal Khan, ",N/A
Al Fida General Hospital,General hospital,N/A,Rohillanwali,"Q3G9+CG6, Alipur Rd, Rohillanwali, ",N/A
MNHC Gulshan Dara,Hospital,N/A,Rahim Yar Khan,"G97H+FF4, Rahim Yar Khan, ",N/A
Be Well Health Clinic & Laboratory,General hospital,+92 309 8985988,Ahmedpur East,"47X6+JCF Lala muusa, Muhammad Akhtar Khan St, Ahmedpur East, ",N/A
Dr M.Masood Tahir[FCPS(MEDICINE)&FCPSٹ}Ass. Professor Nishtar Hospital Multan,Specialized clinic,+92 308 4499240,Multan,"Clinic 22 & 23, Khan Medical City, Nishtar Rd, Al Rahim Colony, Multan, 61000, ",N/A
Naseem Clinic And Maternity Home,Medical Center,N/A,Multan,"5CPM+P7W, Selection Center Rd, Multan Cantt Residential Area, Multan, ",N/A
Wali Hospital And Diagnostic Centre,Hospital,+92 331 6435077,Tulamba,"Abdul Hakim Rd, near Civil Hospital, Tulamba, ",N/A
Al Yousif Pvt hospital,Hospital,N/A,Athara Hazari,"537W+HR5, Athara Hazari, 35180, ",N/A
Buzdar Hospital & Medical Center,Hospital,N/A,Taunsa,"PM75+4C7, New College Rd, Taunsa Housing Colony, Taunsa, ",N/A
Zainab Hospital,Private hospital,N/A,Dera Ghazi Khan,"7PGH+J53, Dera Ghazi Khan, ",N/A
Jawad Hospital D.i.khan,Hospital,+92 966 732111,Dera Ismail Khan,"RWF5+XH6 Medical, Kirri Alizai Rd, Dera Ismail Khan, 29111, ",N/A
Civil Dispensery (Civil Hospital) Sillanwali,Hospital,+92 301 6731213,Sillanwali,"RH57+MF4, Railway Rd, Sillanwali, ",N/A
Govt. Hospital,Hospital,N/A,Chak 18/8 R,"F5CM+JVP, Chak 18/8 R, ",N/A
Umer Hospital and Laboratory,Hospital,+92 66 2250001,Sanawan,"8X9F+VF5, Sanawan, ",N/A
Fatima Hospital,Hospital,+92 340 6767246,Sarai Sidhu,"HXP3+JFH, Sarai Sidhu, ",N/A
Tabark Hospital Khanewal,Hospital,+92 345 7371118,Khanewal,"21 Street Number 1, Khanewal, 58150, ",N/A
Hafiz General Hospital,Hospital,+92 46 3511887,Gojra,"Gojra, ",N/A
Al Barkat Hospital,Hospital,+92 46 3366160,Pir Mahal,"Abad, Al Barkat Hospital, Street No 3, Ghosia Abad Ghosia, Pir Mahal, 36300, ",N/A
civil hospital,Government hospital,N/A,Khatwan,"Q35C+RQR, Khatwan, ",N/A
Hospital,Hospital,N/A,Mian Wala,"Ladhana Rd, Mian Wala, ",N/A
Ycdo Hospital,Hospital,N/A,Abdul Hakīm,"H442+QX3, Multan Rd, Abdul Hakīm, ",N/A
Amjad hospital,General hospital,N/A,Qadirpur Ran,"near Zaheer Hospital, Qadirpur Ran, ",N/A
Mauzma Medicare Hospital,Hospital,+92 300 8556833,Multan,"Main Bosan Rd, Adda Bosan Multan, 59071, ",N/A
Sughran memorial hospital,Hospital,+92 300 2277108,Garh Moor,"RRWR+5WV, Chak 108 Garh Moor, ",N/A
Khadija memorial general hospital,Hospital,+92 47 7682020,Kheiwa,"Jhang-Chiniot Rd, Kheiwa, ",N/A
Attaullah memorial hospital,Hospital,N/A,107 NB,"XH67+J26 Jhal, Sillanwali - Sargodha Rd, 107 NB, ",N/A
Hospital,Hospital,N/A,Jhang,"District Jail, Jhang Sadar Jhang, ",N/A
Luqman International Hospital,Hospital,+92 946 729934,Saidu Sharif,"Q965+RFQ, Saidu Sharif Rd, Swat Saidu Sharif, 19200, ",lih.com.pk/
"Saidu Teaching Hospital,Swat.",Hospital,+92 946 9240138,Saidu Sharif,"Saidu Group of Teaching Hospital, Swat Saidu Sharif, ",sth.org.pk/
Swat Medical Complex,General hospital,+92 946 710281,Saidu Sharif,"Q934+36H, Faizabad Rd, Swat Saidu Sharif, ",swatmedicalcomplex.com/
Saidu Central Hospital,Hospital,N/A,Saidu Sharif,"Q955+CH5, Saidu Sharif Rd, Swat Saidu Sharif, ",www.sth.org.pk/
Shifa Hospital Swat,Private hospital,+92 946 711039,Saidu Sharif,"Q955+Q5F, Saidu Sharif Rd, Swat Saidu Sharif, 19200, ",shifahospitalswat.com.pk/ded_msg.php
Kings International Hospital,Hospital,+92 946 726611,Saidu Sharif,"Faizabad Rd, Swat Saidu Sharif, ",N/A
Miangul Abdul Haq Jahanzeb Kidney Hospital Swat,Hospital,+92 946 730890,Manglor,"RC3G+HFC, Swat Manglor, 19201, ",www.mjkhkp.gov.pk/
Tokyo Medical Complex,Hospital,+92 344 9606367,Kabal,"Road, near Civil Hospital, Swat Shah Dharai, Kabal, 19060, ",N/A
Khyber Hospital Saidu Sharif Swat,Hospital,+92 344 9769773,Saidu Sharif,"Q955+Q9G, Saidu Sharif Rd, Swat Saidu Sharif, 19130, ",N/A
Sheikh Khalifa Bin Zayed Al-Nahyan Model Hospital,Hospital,N/A,Saidu Sharif,"Q955+383, Swat Saidu Sharif, ",N/A
Rahman International Hospital,Hospital,+92 946 745838,Khwazakhela,"WFR7+9HJ, Matta road, Swat Khwazakhela, ",N/A
Barikot Hospital,Hospital,N/A,Barikot,"N-95, Barikot, ",N/A
Dr Abdul Basir Khan Khan khwazakhela Medical Centre,General hospital,+92 345 6060799,Khwazakhela,"WFR7+G7C Medical Centre, Dr Abdul basirKhan, Gammon road, Swat Khwazakhela, ",visitkmc.org/
Gulrang International Hospital,Hospital,+92 349 9111122,Allahdand Dheri,"JXGV+4RF, N-45, Allahdand Dheri, ",gulranghospital.org/
Bahawal Victoria Hospital (BVH),Government hospital,+92 346 0718347,Bahawalpur,"Circular Rd, Bahawalpur Cantt, Bahawalpur, 63100, ",N/A
"City Hospital, Bahawalpur",Hospital,+92 333 8082787,Bahawalpur,"University Chowk Rd, near General Post office, Bahawalpur Cantt, Bahawalpur, 63100, ",N/A
City Hospital,General hospital,+92 61 6510367,Multan,"6F69+PV9, La Salle Rd, Peer Khurshid Colony Chah Usman Wala, Multan, ",cityhospital.com.pk/
(Sir Sadiq Abbasi)Civil Hospital Bahawalpur,Hospital,+92 62 2720235,Bahawalpur,"Jail Rd, Gulshan E Iqbal, Bahawalpur, ",N/A
"MID-WEST HOSPITAL - Trust Colony, Bahawalpur",Hospital,+92 62 2303110,Bahawalpur,"Trust colony, Street No.3, corner, Bahawalpur, 63100, ",N/A
Family Hospital Multan,Hospital,+92 61 4551157,Multan,"6G67+9MC, Mohalla Qaisarabad, Multan, 60000, ",www.facebook.com/Familyhospitalandmaternity/
Nishtar Hospital,Hospital,N/A,Multan,"First Floor Ward No. 7 second floor ward No14 third floor ward No.15, Gillani Colony, Multan, ",nishtar1.com/
THQ Hospital,Government hospital,+92 67 3412050,Mailsi,"R53H+52R, Railway Rd, Mailsi, ",N/A
District Head Quarter Hospital,Government hospital,+92 306 7827109,Lodhrān,"FJWQ+C93, DGQ Rd, Lodhrān, ",N/A
Masooma Hospital,Hospital,+92 333 6914148,Multan,"Masooma Hospital, Sher Shah Rd, Garden Town, Multan, 60000, ",N/A
Al Khaliq Hospital,Hospital,+92 331 7037135,Multan,"Nishtar Rd, Al Rahim Colony, Multan, 66000, ",alkhaliqhospitalmux.com/
Aliza Hospital BahawalPur,Hospital,+92 62 2200601,Bahawalpur,"1-2, D, Z block, Commercial area, 63100, ",N/A
"Shehbaz Sharif DHQ Hospital, Multan city",Hospital,+92 322 4273717,Multan,"5FW8+84J, Inner City, Multan, ",N/A
THQ Hospital Kahror Pakka,Hospital,N/A,Kahror Pakka,"JW97+3JV THQ Hospital, Kahror Pakka, ",thqkahrorpakka.punjab.gov.pk/
"BINO Cancer Hospital - Muhammadia Colony, Bahawalpur",Hospital,N/A,Bahawalpur,"9MJF+4V3, Noor Mahal Rd, Muhammadia Colony, Bahawalpur, 63100, ",www.binoaech.gov.pk/
Mariam Medicare Hospital,Hospital,+92 331 6133332,Vehari,"39- N Block, Sharqi Colony (East Colony), Vehari, ",N/A
Fazal Hospital,Hospital,+92 305 5000138,Jahanian,"ThataRoad pull14 14, Jahanian, 58200, ",www.fazalhospital.com/
Zubaida Fatima Memorial Hospital,Hospital,+92 300 6345255,Multan,"5FCQ+RCM, Gulzaib Colony, Multan, 60600, ",N/A
Doctors care hospital,Hospital,+92 61 6777959,Multan,"Khanewal Rd, Shah Rukn E Alam Town, Multan, 60650, ",N/A
MNCH SOCIAL SECURITY HOSPITAL,Hospital,N/A,Dera Ghazi Khan,"3M83+5QJ, Dera Ghazi Khan, ",N/A
Abbasi Hospital,Hospital,N/A,Fateh Pur Kamal,"VJCC+JW2, Fateh Pur Kamal, ",N/A
Iqbalabad Hospital,Hospital,+92 302 8719460,Rahim Yar Khan,"Interchange Road Near Apni pharmacy Iqbalabad chowk Iqbalabad, Chowk, Rahim Yar Khan, ",N/A
"National Orthopedic & General Hospital - Kausar Colony, Bahawalpur",Hospital,+92 62 2884580,Bahawalpur,"Heavy Industrial Area Road, Kausar Colony, Bahawalpur, 63100, ",N/A
"Zaheer Hospital Qadirpur Ran,Multan",Hospital,N/A,Qadirpur Ran,"7MV8+2PP, Khanewal Road, Qadirpur Ran, ",N/A
Govt Hospital Miani Jhabail,Hospital,+92 301 7764669,Basti Mian,"FQQ7+JWG, Basti Mian, ",N/A
Paracha Hospital,Hospital,+92 300 8733317,Multan,"6F38+5PM, Tughlaq Rd, Basti Prarian, Multan, ",N/A
Pak Italian Modern Burn center,Hospital,+92 61 9330153,Multan,"6C2V+VGW, Nishtar Rd, Justice Hamid Colony, Multan, ",N/A
Al Rehman Hospital,Hospital,+92 67 3361266,Vehari,"DHQ، near Dar - e - arqam school, G Block Vehari, ",N/A
City Hospital Dg Khan,Hospital,+92 330 6506644,Dera Ghazi Khan,"3J6V+VWG, Fareed Abad BLOCK 18, Dera Ghazi Khan, ",N/A
Aga Khan University Hospital ,Hospital,+92 61 6211193,Multan,"6FGH+224, Gulgasht Colony, Multan, ",N/A
City Hospital Jahanian,Hospital,N/A,Jahanian,"2RV8+JPH, Jahanian, ",N/A
Civil Hospital,Hospital,N/A,Jalalpur Pirwala,"G69F+66G, Jalalpur Pirwala, ",N/A
Hospital,Hospital,N/A,Multan,"6G8R+GHV, Pak Arab Fertilizer Housing Colony, Multan, ",N/A
Naz Hospital,Hospital,+92 62 2284800,Bahawalpur,"S.E. College Road، near GPO, Bahawalpur Cantt, Bahawalpur, 63100, ",N/A
Ameer Patient Care Hospital,Hospital,+92 320 6784384,Multan,"5C52+8F6, Sher Shah Road, near Nadirabad Phattak, Garden Town, Multan, ",N/A
Jinnah Community Hospital,Hospital,+92 64 2471767,Dera Ghazi Khan,"2JVW+8GJ Shakir Town, Khayaban-e-Sarwar Khayaban e Sarwar, Dera Ghazi Khan, ",N/A
Life Medical Care Hospital,Hospital,+92 319 9000707,"Topi, Tehsil","3J47+9XW, Bypass Road, Topi, Tehsil, ",www.lmch.com.pk/
DHQ Hospital,Hospital,+92 997 920094,Mansehra,"86G2+9FC, Abbottabad Rd, Faisal Colony, Mansehra, ",N/A
Asad medical and surgical hospital near mahra bypass,Hospital,+92 300 2858249,Mahra Shaher,"Near mahra bypass rohellian wali, Mahra Shaher, 34200, ",N/A
Al-Shifa Hospital,Hospital,N/A,Bahawalpur,"Main University Rd, Basti Hamaitian Mohajir Colony, Bahawalpur, 63100, ",N/A
Umar Hospital & Cardiac center Multan,Hospital,+92 61 4506047,Multan,"Suraj Miani Road, opposite meezan bank Pul wasil, Green Town, Multan, ",N/A
Al Mustafa Trust Hospital 1/t janubi ,Hospital,+92 333 6169366,Makhdum Rashid,"chak 1t, Makhdum Rashid, 59100, ",almustafa.pk/contact-us/
Al-Falah Genral & Eye Hospital,Hospital,+92 333 3300443,Bahawalpur,"Maqbool Colony Gulberg Colony, Bahawalpur, 63100, ",N/A
VICTORIA MEMORIAL HOSPITAL,Hospital,N/A,Multan,"49XW+2GP, Unnamed Road, Industrial Estate, Multan, ",N/A
Hospital,Hospital,N/A,Khanpur,"HM88+75H, Khanpur, ",N/A
Government Hospital,Government hospital,N/A,N/A,"WW62+R9, Shah Jamal, ",N/A
Taaha Surgical and General Hospital Yazman,Hospital,+92 300 9875203,Yazman,"Rashid Javed Rd, Yazman, ",N/A
Radiant Hospital,Hospital,N/A,Bahawalpur,"9MMC+7H8 Radiant Hospital, Noor Mahal Rd, near Imtiaz Mega Mall, Muhammadia Colony, Bahawalpur, ",N/A
Ahmad hospital,Private hospital,N/A,Multan,"6G68+C6G, Unnamed Road, Mohalla Qaisarabad, Multan, ",N/A
Sughra memorial hospital kehror pacca,Hospital,N/A,Kahror Pakka,"Duniya pur road melsi chowk, near Phatak, Kahror Pakka, 59340, ",N/A
Adan Hospital,Hospital,+92 345 7010868,Multan,"17 Vehari Road, Multan, 59100, ",N/A
Dr Noreen Hospital,Hospital,+92 300 6990342,Burewala,"I Block Burewala, ",N/A
Zubaida Hospital,Medical Center,N/A,Liāqatpur,"WWQV+68W, Allah Abad Rd, Pipal Wala, Liāqatpur, ",N/A
Veterinary Hospital,Hospital,N/A,Chunawala,"FMW4+54C, Chunawala, ",N/A
Misali Hospital,Private hospital,+92 300 6300685,Multan,"6CFH+3J8, VIP Colony, Suraj Miani Road, Suraj Miani, Multan, ",N/A
Urooj Fatima Hospital,Hospital,+92 604 688730,Rajanpur District,"Sidra Gardens New Civil Lines, Rajanpur District, 33500, ",N/A
Al Noor Hospital,Hospital,N/A,Vehari,"3927+XQ9, Vehari, ",N/A
Ghazi National Hospital D.G Khan,Hospital,+92 64 2406933,Dera Ghazi Khan,"2MV4+FPQ, Samina Chowk, Multan Rd, near HBL Bank, Dera Ghazi Khan, 32102, ",N/A
DHQ Hospital Dera Ghazi Khan,Hospital,N/A,Dera Ghazi Khan,"Jampur Rd, Fareed Abad Dera Ghazi Khan, ",N/A
Bakhtawar memorial hospital,General hospital,+92 301 7644176,Sardargarh,"Sardarghar road, Sardargarh, 64200, ",bakthwarmemorialhospital.website3.me/
Huma Memorial Hospital,Medical Center,N/A,Khanpur,"Khanpur, ",N/A
District Headquarters Hospital Gandawah,Medical Center,N/A,Gandawah,"Gandawah, ",N/A
Hafiz Medical and Hospital,Hospital,+92 835 421743,Sui,"J5HG+GJR, Airport Road, Sui, ",N/A
Civil Hospital Nawan Kot,Hospital,+92 306 6550238,Nawan Kot,"RM2C+3MQ, Nawan Kot, ",N/A
Hospital,Hospital,+92 333 7730544,Kohlu,"W9M9+Q2X, Kohlu, ",N/A
Nigahat Batool Memorial Hospital,Hospital,+92 334 6101900,Khairpur Sadat,"near Union Council Opposit WaterWorks, Khairpur Sadat, 34470, ",N/A
Nusrat Healthcare Hospital,Hospital,+92 336 7808990,N/A,"382J+323, Indus Hwy, ",N/A
YCDO Ghazi National Hospital,Hospital,+92 324 2827777,Dera Ghazi Khan,"2MV4+HJ4, Multan Rd, Dera Ghazi Khan, ",N/A
Civil Hospital Jiani,Hospital,+92 344 3916929,Sohbatpur,"GCP4+WR7, Goth Jia Khan Jiani UC Roopa Tehsil, Sohbatpur, ",N/A
Civil Hospital Sakai Sarwar,Hospital,N/A,Sakhi Sarwar,"X8H4+W69, Unnamed Road, Sakhi Sarwar, ",health.punjab.gov.pk/
Ruhan Medical and Surgical Complex,Hospital,+92 325 5576000,Khanpur,"714 Main Road Model Town B, B Block Khanpur, ",www.ruhanmedicalcomplex.com/
Ibne Seena Hospital Khalabat,Hospital,+92 995 622022,Khalabat Twp,"2W96+4GC, Sector 02 Sector 2 Khalabatt Twp, Khalabat Twp, ",N/A
Civil Hospital,Hospital,N/A,Phulra,"Phulra, ",N/A
Muzaffarabad General Hospital,Hospital,+92 300 5151961,Muzaffarabad,"National Bank of  -- Upper Adda, Upper Adda Chowk, near Pir Chanasi Bus Stand, Muzaffarabad, 13100",N/A
DHQ Batkhela,Hospital,+92 932 410242,Batkhela,"JX76+49W, Batkhela, ",N/A
SPECIALIST CARE HOSPITAL,Hospital,+92 58244 45586,Rawalakot,Rawalakot,N/A
Gilani Hospital Complex,Orthopedic clinic,+92 992 406802,Abbottabad,"66RJ+M23، Abbottabad-Mansehra Rd, Bagar, Mirpur, Abbottabad, ",docto.yolasite.com/
Wahid Health Care Hospital,General hospital,+92 300 9171940,Barkhalozo,"VFVG+M5, Barkhalozo, ",N/A
Arq Un Nisa Hospital Topi,Private hospital,+92 300 9055300,Topi,"Batakara Rd, near Telephone Exchange, Topi, 23460, ",N/A
SALMAN HOSPITAL,Hospital,+92 300 1577177,Vehari,"28QW+986, Peoples Colony Rd, Cotton Colony Madina Colony, Vehari, ",N/A
Sabir hospital,Hospital,+92 301 7761980,Mubarakpur,"near HYSSAINI CHOWK, Mubarakpur, 63100, ",N/A
YCDO Executive Hospital Mother & Child care,Hospital,N/A,Multan,"La Salle Rd, Peer Khurshid Colony Chah Usman Wala, Multan, ",N/A
Sardar Fateh Muhammad Khan Buzdar Institute Of Cardiology,Hospital,+92 370 4371935,Dera Ghazi Khan,"near Pull Piyare wali, Dera Ghazi Khan, ",sfmkbic.org/
Rasheed Hospital And Dental Complex,Hospital,+92 328 6560560,Multan,"Bag E Hussain Chowk, near Gillani Restaurant, Sameeja Abad, Multan, 60000, ",N/A
Rohi Healthcare Hospital Cholistan,Hospital,N/A,Chak 337 HR,"46MH+5R, Chak 337 HR, ",N/A
Khan Hospital And Maternity Home,Medical Center,+92 66 2440187,Basira Qandrani,"33M4+579, Basira Qandrani, ",N/A
Al Rehman Hospital,Hospital,+92 321 7119199,Dunyapur,"Al Rehman Hospital, Khanewal - Lodhran Rd, near ztbl Bank, Ward Number 19 Dunyapur, 64101, ",N/A
RAHMA Hospital,Hospital,+92 68 5791222,Janpur,"RAHMA Hospital Near Alkhair Cotton Factory Janpur Tehsil, ",N/A
SADIQ HOSPITAL Shaher Sultan,Hospital,+92 300 3731166,مرادپور پل,J239+5C، ,N/A
Luqman Hospital & Institute if Health Sciences,Hospital,+92 306 7481004,Lodhrān,"Bahawalpur Rd, Lodhrān, ",www.pmhealthprogram.gov.pk/
"Dr Durna Irfan Hospital - Model Town, Mailsi",Private hospital,+92 305 7718184,Mailsi,"R52P+8J6, Model Town Mailsi, ",N/A
Kidney Hospital,Hospital,+92 61 8048600,Multan,"6C5P+57F, Ahsan Colony, Multan, ",N/A
Shah Rukne Alam Hospital Multan,Hospital,N/A,Multan,"5CHX+RHF, Vehari Rd, Walayatabad No II Chah Amb Wala, Multan, ",N/A
Waheeda Khanum Cancer and General hospital,Hospital,+92 61 4782228,Multan,"9C Eidgah Road, Shamsabad Colony, Multan, 60000, ",N/A
Bukhari Awami Hospital,Hospital,+92 306 7438179,Shujaabād,"V7FV+GPV, Jalalpur Rd, Shujaabād, ",N/A
Govt hospital garah more,Government hospital,N/A,Garha More,"23W6+4VX, Multan - Vehari Rd, Garha More, ",N/A
OPD 14 SIUT,Hospital,+92 21 99215752,Karachi,"V255+FXV, New Labour Colony Nanakwara, Karachi, ",www.siut.org/
Jinnah Medicare Diagnostic Complex & Maternity Home,Private hospital,+92 336 5600026,Kot Chutta,"Jhok Utra Rd, Kot Chutta, 32350, ",N/A
Trauma Center,Hospital,N/A,Dera Ghazi Khan,"3J2Q+8HJ, Dera Ghazi Khan, ",N/A
Qamar Bilal Hospital,Medical Center,+92 68 5572394,Khanpur,"JMX4+FVM, Kachehri Rd, Khanpur, 64100, ",N/A
Wadoor HOSPITAL,Hospital,N/A,Wadoor,"3GGW+XHQ, Wadoor, ",N/A
Civil Hospital,Hospital,N/A,Sui,"J5J9+WCF, Wadera Shaalo Colony Sui, ",N/A
Government Rural Dispensary Chah Yadgar Wala Seet Pur,Government hospital,+92 333 6679350,Seetpur,"7RFX+79J, Seetpur, ",N/A
Civil Hospital,Hospital,N/A,Lalgarh,"G527+JW8, Lalgarh, ",N/A
Govt Hospital Chak No 7/p,Government hospital,+92 308 2888404,Chak 7/P,"HMRV+9P3, Chak 7/P, ",N/A
Al Qureesh Hospital,Hospital,N/A,Jatoi,"GR4W+6G3, Jatoi, ",N/A
Hospital Umarkot,Hospital,N/A,Umarkot Rajanpur,"R4GW+26F, Umarkot Rajanpur, ",N/A
MEDICAL EMERGENCY DHQ HOSPITAL DGK,Hospital,N/A,Dera Ghazi Khan,"18 Jampur Rd, near Askari Bank, Fareed Abad Dera Ghazi Khan, 32200, ",N/A
Kareem Surgicare Complex Jampur,Hospital,N/A,Jampur,"Dera Road, near Boys College, Jampur, ",N/A
Ayub Hospital,Hospital,+92 604 688929,Rajanpur District,"483G+PPQ, Rajanpur District, ",N/A
Govt. Hospital Dera Faridi,Hospital,N/A,Thul Hamza,"3QVP+7XG Dera Faridi, Dera Fareedi, Thul Hamza, ",N/A
Asghar medical complex,Medical Center,+92 347 8052365,Khanpur,"MM2Q+842, Shahi Rd, Khanpur, ",N/A
BHU Rasool Bux,Government hospital,N/A,Pir Koh,"535P+XX, Pir Koh, ",N/A
Hospital Parking,Hospital,N/A,N/A,"Pir Baba Rd, ",N/A
Izhan Hospital Oghi,Hospital,+92 310 5770345,Oghi City,"opposite City Hospital Oghi, Jalalabad, Oghi City, ",N/A
Govt. Hospital Tanda Ghameer,Hospital,+92 313 2735545,Hajira,"QWQW+52F, Abbaspur Rd, Hajira",N/A
Jamaal Abaad Hospital Harichand,Government hospital,N/A,N/A,"9R92+G4J, Unnamed Road, ",N/A
Durrani Hospital,Hospital,+92 995 610900,Harīpur,"Mohala Afzal Colony, Central, Jail Rd, Darvesh, Harīpur, ",N/A
ZEB HOSPITAL,Hospital,+92 300 6800580,Bahawalpur,"9PW7+VV6, Rafi Qamar Road, Satellite Town, Bahawalpur, 63100, ",N/A
Zaib Hospital Kehror Pacca,Hospital,+92 300 6800041,Kahror Pakka,"JWV8+GH3, Mailsi Chowk Dunyia Pur Road Pull Canal Street Zaib Hospital, Kahror Pakka, ",N/A
Pracha hospital,Hospital,N/A,Multan,"5FFX+5MG, Khawaja Farid Social Security Hospital,, Vehari Rd, Peoples Colony, Multan, ",N/A
Suleman Hospital,Hospital,+92 333 6406801,Alipur,"9WJ6+2CR, Alipur, ",N/A
Haider Hospital Multan,Hospital,N/A,Multan,"6C3X+6VV, Al Rahim Colony, Multan, ",N/A
Dhorkot Hospital,Hospital,N/A,N/A,"84W6+2CC, Unnamed Road, ",N/A
Hospital Aloudaywali,Hospital,N/A,Aloudaywali,"P2HQ+PX4, Aloudaywali, ",N/A
Zia Surgical Hospital,Hospital,+92 68 5562172,Zāhir Pīr,"RG2M+3JJ, Zāhir Pīr, ",N/A
AL SHIFA SURGICAL HOSPITAL BAHAWALPUR,Local medical services,+92 304 7669213,Bahawalpur,"Ahmedpur Rd, near Zonal Office Bahawalpur, state life, Bahawalpur, 63100, ",6370b3143d1a1.site123.me/
Dr. Iram Hospital Liaqat Pur NT,Hospital,+92 68 5795848,Liāqatpur,"WXM4+553, Allama Iqbal Colony Liāqatpur, ",N/A
Al-Shifa Welfare Hospital ,Hospital,N/A,Rai Ali,"RXFQ+3R6 Al-Shifa Welfare Hospital, near Jamia Masjid Bait, Rai Ali, ",N/A
 ,Hospital,+92 334 3554300,Rajanpur District,"Makhdoom Rajan Shah Rd, Rajanpur District, 33500, ",N/A
Minhaj Hospital,Medical clinic,+92 306 3440344,Muzaffargarh,"Old sabzi mandi road, Sheikhupura Mohalla, Muzaffargarh, ",N/A
Naik General Hospital & Maternity Home,Hospital,+92 67 3364417,Vehari,"28QW+P8G, Cotton Colony Vehari, 61100, ",N/A
Ghoury Hospital,Hospital,N/A,Dunyapur,"RP2W+F95, Ward Number 19 Dunyapur, ",N/A
Anas Surgical Hospital,Hospital,+92 300 8958808,Liāqatpur,"Stadium Rd, Liāqatpur, 64000, ",N/A
Sarwar Bibi Free Homoepathic Medical Hospital,Hospital,+92 33362873189,Burewala,"5P63+7C3, Street Number 3, Mujahid Colony Burewala, ",N/A
Faisal medical complex,Hospital,+92 848 550123,Khuzdar,"Hospital Rd, Khuzdar, ",N/A
Government Hospital Naal,Hospital,N/A,Karez,"M5RV+FM2, Karez, ",N/A
Civil Hospital,Hospital,N/A,Panjgur,"X3CW+47F, Panjgur, ",N/A
Ali Hospital,Hospital,+92 332 2380744,Khuzdar,"RJ66+RMM, Khuzdar, ",N/A
Hospital,Hospital,N/A,Panjgur,"X58Q+M97 Cadet college, Panjgur, ",N/A
Wadh Civil Hospital,Hospital,N/A,Wadh,"89VF+M6J, Wad Bazar, Wadh, ",N/A
DHQ Hospital,Hospital,+92 331 2553362,Khuzdar,"RJ66+89F, Hospital Rd, Khuzdar, ",N/A
Hospital,Hospital,N/A,Hajika,"H859+5C, Hajika, ",N/A
Old Hospital Jath,Hospital,+92 316 7875966,Nāg,"928Q+RC, Nāg, ",N/A
Emergency centre Wadh,Hospital,N/A,Wadh,"89VF+M6J, Wad Bazar, Wadh, ",N/A
RHC Hospital Bonistan,Hospital,N/A,Panjgur,"W2GQ+H68, Bonistān, Panjgur, ",N/A
Parwar Hospital,Community health center,N/A,Parwān,"2GFQ+QXJ, Parwān, ",N/A
Javed Medical Complex,Hospital,N/A,Panjgur,"X4P4+P6Q, Unnamed Road, Panjgur, ",N/A
Civil Hospital Ornach,Hospital,N/A,Ornach,"X4G8+QJF, Ornach, ",N/A
Medical Emergency Response Center Baghbana (Khuzdar),Medical Center,+92 333 0125842,Khuzdar,"XGFC+8F6, N-25, Khuzdar, ",erc1122.com.pk/
Workers Hospital & School,Hospital,N/A,Khuzdar,"RHGM+8RP, New Twp Scheme Khuzdar, Khuzdar, ",N/A
Hurmage hospital,Hospital,N/A,Thatha-KH42/1S,"8G6R+XX6, Thatha-KH42/1S, ",N/A
BUET Health Care Center,Hospital,N/A,Khuzdar,"RJCJ+6RW, University Rd, Khuzdar, 98100, ",N/A
Al Khidmat Hospital Layyah,Hospital,+92 335 6760100,Layyah,"XX9H+4W9, Layyah - Chowk Azam Rd, near Al Khidmat, Layyah, ",alkhidmat.com/
Zaib general hospital Tulamba road mian Channu,Hospital,N/A,Mian Channu,"30.451812,72.353859, ",N/A
Zia Azeem hospital,Hospital,+92 333 6573327,Darya Khan,"Q494+P93، kullur kot road, Darya Khan, ",N/A
pakistan national hospital,Hospital,N/A,N/A," national hospital, ",N/A
Kohawar Hospital Mankera,Hospital,+92 333 4812283,Mankera,"Noor Khan Wala Road, near Asghar Chowk, Shafi Colony Mankera, 30060, ",www.facebook.com/kohawarhospital
Shafiq hashtim hospital,Hospital,N/A,Kamalia,"PJCV+VVF, Kamalia, ",N/A
Hospital,Hospital,N/A,Chak 672/13 GB,"PCFJ+23H, Chak 672/13 GB, ",N/A
Amanat Ali Eye & Gynae Hospital,Hospital,+92 46 3514305,Gojra,"5M2H+C68, Gojra, 36120, ",N/A
Alkarim memorial hospital,Hospital,+92 300 3565607,Multan,"9G4Q+HQR, Multan, ",N/A
Sarkari hospital,Government hospital,N/A,Bhakkar,"J4H3+46M, Bhakkar, ",N/A
Babar Hospital,Hospital,N/A,Multan,"Mehmood Kot، Gulzar Care Pharmacy, Ansari Super Store, Bosan Rd, Multan, ",N/A
Javed Hospital,Hospital,N/A,Chowk Munda,"H6JV+C97, Chowk Munda, ",N/A
City centre Madicl Hospital D IKhan,Hospital,N/A,Dera Ismail Khan,"VW72+2QC City centre Madicl Hospital, Dera Ismail Khan, ",N/A
Farooq Hospital,Hospital,+92 300 7871262,Naya Lahore,"Naya Lahore, ",N/A